"target","across","alone","along","also","always","another","anything","arm","around","away","back","bed","behind","believe","best","better","black","boy","breath","can","cant","close","come","comes","coming","dark","day","days","deep","didnt","doesnt","done","dont","door","else","empty","end","enough","even","ever","every","everything","eye","eyes","face","far","feel","find","fine","first","floor","four","front","full","get","gets","getting","give","gives","goes","going","good","got","hair","half","hand","hands","hard","head","hear","heard","help","hes","high","holding","home","house","ill","inside","ive","just","keep","kind","know","last","later","leave","left","let","lets","life","light","like","listen","little","long","look","looking","looks","made","make","makes","making","man","may","maybe","mean","might","moment","morning","mother","move","much","name","need","never","new","next","night","nothing","now","old","one","onto","open","opens","outside","past","people","place","please","point","pulls","put","real","really","rest","right","room","run","runs","said","say","says","second","see","seen","sees","show","side","sit","sits","sitting","small","smiles","someone","something","sorry","sounds","stand","standing","stands","start","starts","steps","still","stop","street","suddenly","sure","table","take","taken","takes","taking","talking","tell","thats","thing","things","think","thought","three","time","times","today","together","told","tries","try","trying","turn","turns","two","used","waiting","walk","walks","wall","want","wanted","watch","watches","watching","water","way","well","whats","white","will","window","woman","word","world","yes","youll","young"
"0. Blockbuster (75M+)",0,0,0,0,0,0,0,0,0,0,0,0,0,0,0,0,0,0,0,0,0,0,0,0,0,0,0,0,0,0,0,0,0,0,0,0,0,0,0,0,0,0,0,0,0,0,0,0,0,0,0,0,0,0,0,0,0,0,0,0,0,0,0,0,0,0,0,0,0,0,0,0,0,0,0,0,0,0,0,0,0,0,0,0,0,0,0,0,0,0,0,0,0,0,0,0,0,0,0,0,0,0,0,0,0,0,0,0,0,0,0,0,0,0,0,0,0,0,0,0,0,0,0,0,0,0,0,0,0,0,0,0,0,0,0,0,0,0,0,0,0,0,0,0,0,0,0,0,0,0,0,0,0,0,0,0,0,0,0,0,0,0,0,0,0,0,0,0,0,0,0,0,0,0,0,0,0,0,0,0,0,0,0,0,0,0,0,0,0,0,0,0,0,0,0,0,0,0,0,0,0,0,0,0,0,0,0,0,0,0,0,0,0,0,0,0,0
"0. Blockbuster (75M+)",0,0,0,0,0,0,0,0,0,0,0,0,0,0,0,0,0,0,0,0,0,0,0,0,0,0,0,0,0,0,0,0,0,0,0,0,0,0,0,0,0,0,0,0,0,0,0,0,0,0,0,0,0,0,0,0,0,0,0,0,0,0,0,0,0,0,0,0,0,0,0,0,0,0,0,0,0,0,0,0,0,0,0,0,0,0,0,0,0,0,0,0,0,0,0,0,0,0,0,0,0,0,0,0,0,0,0,0,0,0,0,0,0,0,0,0,0,0,0,0,0,0,0,0,0,0,0,0,0,0,0,0,0,0,0,0,0,0,0,0,0,0,0,0,0,0,0,0,0,0,0,0,0,0,0,0,0,0,0,0,0,0,0,0,0,0,0,0,0,0,0,0,0,0,0,0,0,0,0,0,0,0,0,0,0,0,0,0,0,0,0,0,0,0,0,0,0,0,0,0,0,0,0,0,0,0,0,0,0,0,0,0,0,0,0,0,0
"0. Blockbuster (75M+)",0,0,0,0,0,0,0,0,0,0,0,0,0,0,0,0,0,0,0,0,0,0,0,0,0,0,0,0,0,0,0,0,0,0,0,0,0,0,0,0,0,0,0,0,0,0,0,0,0,0,0,0,0,0,0,0,0,0,0,0,0,0,0,0,0,0,0,0,0,0,0,0,0,0,0,0,0,0,0,0,0,0,0,0,0,0,0,0,0,0,0,0,0,0,0,0,0,0,0,0,0,0,0,0,0,0,0,0,0,0,0,0,0,0,0,0,0,0,0,0,0,0,0,0,0,0,0,0,0,0,0,0,0,0,0,0,0,0,0,0,0,0,0,0,0,0,0,0,0,0,0,0,0,0,0,0,0,0,0,0,0,0,0,0,0,0,0,0,0,0,0,0,0,0,0,0,0,0,0,0,0,0,0,0,0,0,0,0,0,0,0,0,0,0,0,0,0,0,0,0,0,0,0,0,0,0,0,0,0,0,0,0,0,0,0,0,0
"0. Blockbuster (75M+)",0,0,0,0,0,0,0,0,0,0,0,0,0,0,0,0,0,0,0,0,0,0,0,0,0,0,0,0,0,0,0,0,0,0,0,0,0,0,0,0,0,0,0,0,0,0,0,0,0,0,0,0,0,0,0,0,0,0,0,0,0,0,0,0,0,0,0,0,0,0,0,0,0,0,0,0,0,0,0,0,0,0,0,0,0,0,0,0,0,0,0,0,0,0,0,0,0,0,0,0,0,0,0,0,0,0,0,0,0,0,0,0,0,0,0,0,0,0,0,0,0,0,0,0,0,0,0,0,0,0,0,0,0,0,0,0,0,0,0,0,0,0,0,0,0,0,0,0,0,0,0,0,0,0,0,0,0,0,0,0,0,0,0,0,0,0,0,0,0,0,0,0,0,0,0,0,0,0,0,0,0,0,0,0,0,0,0,0,0,0,0,0,0,0,0,0,0,0,0,0,0,0,0,0,0,0,0,0,0,0,0,0,0,0,0,0,0
"0. Blockbuster (75M+)",0,0,0,0,0,0,0,0,0,0,0,0,0,0,0,0,0,0,0,0,0,0,0,0,0,0,0,0,0,0,0,0,0,0,0,0,0,0,0,0,0,0,0,0,0,0,0,0,0,0,0,0,0,0,0,0,0,0,0,0,0,0,0,0,0,0,0,0,0,0,0,0,0,0,0,0,0,0,0,0,0,0,0,0,0,0,0,0,0,0,0,0,0,0,0,0,0,0,0,0,0,0,0,0,0,0,0,0,0,0,0,0,0,0,0,0,0,0,0,0,0,0,0,0,0,0,0,0,0,0,0,0,0,0,0,0,0,0,0,0,0,0,0,0,0,0,0,0,0,0,0,0,0,0,0,0,0,0,0,0,0,0,0,0,0,0,0,0,0,0,0,0,0,0,0,0,0,0,0,0,0,0,0,0,0,0,0,0,0,0,0,0,0,0,0,0,0,0,0,0,0,0,0,0,0,0,0,0,0,0,0,0,0,0,0,0,0
"0. Blockbuster (75M+)",0,0,0,0,0,0,0,0,0,0,0,0,0,0,0,0,0,0,0,0,0,0,0,0,0,0,0,0,0,0,0,0,0,0,0,0,0,0,0,0,0,0,0,0,0,0,0,0,0,0,0,0,0,0,0,0,0,0,0,0,0,0,0,0,0,0,0,0,0,0,0,0,0,0,0,0,0,0,0,0,0,0,0,0,0,0,0,0,0,0,0,0,0,0,0,0,0,0,0,0,0,0,0,0,0,0,0,0,0,0,0,0,0,0,0,0,0,0,0,0,0,0,0,0,0,0,0,0,0,0,0,0,0,0,0,0,0,0,0,0,0,0,0,0,0,0,0,0,0,0,0,0,0,0,0,0,0,0,0,0,0,0,0,0,0,0,0,0,0,0,0,0,0,0,0,0,0,0,0,0,0,0,0,0,0,0,0,0,0,0,0,0,0,0,0,0,0,0,0,0,0,0,0,0,0,0,0,0,0,0,0,0,0,0,0,0,0
"0. Blockbuster (75M+)",0,0,0,0,0,0,0,0,0,0,0,0,0,0,0,0,0,0,0,0,0,0,0,0,0,0,0,0,0,0,0,0,0,0,0,0,0,0,0,0,0,0,0,0,0,0,0,0,0,0,0,0,0,0,0,0,0,0,0,0,0,0,0,0,0,0,0,0,0,0,0,0,0,0,0,0,0,0,0,0,0,0,0,0,0,0,0,0,0,0,0,0,0,0,0,0,0,0,0,0,0,0,0,0,0,0,0,0,0,0,0,0,0,0,0,0,0,0,0,0,0,0,0,0,0,0,0,0,0,0,0,0,0,0,0,0,0,0,0,0,0,0,0,0,0,0,0,0,0,0,0,0,0,0,0,0,0,0,0,0,0,0,0,0,0,0,0,0,0,0,0,0,0,0,0,0,0,0,0,0,0,0,0,0,0,0,0,0,0,0,0,0,0,0,0,0,0,0,0,0,0,0,0,0,0,0,0,0,0,0,0,0,0,0,0,0,0
"0. Blockbuster (75M+)",0,0,0,0,0,0,0,0,0,0,0,0,0,0,0,0,0,0,0,0,0,0,0,0,0,0,0,0,0,0,0,0,0,0,0,0,0,0,0,0,0,0,0,0,0,0,0,0,0,0,0,0,0,0,0,0,0,0,0,0,0,0,0,0,0,0,0,0,0,0,0,0,0,0,0,0,0,0,0,0,0,0,0,0,0,0,0,0,0,0,0,0,0,0,0,0,0,0,0,0,0,0,0,0,0,0,0,0,0,0,0,0,0,0,0,0,0,0,0,0,0,0,0,0,0,0,0,0,0,0,0,0,0,0,0,0,0,0,0,0,0,0,0,0,0,0,0,0,0,0,0,0,0,0,0,0,0,0,0,0,0,0,0,0,0,0,0,0,0,0,0,0,0,0,0,0,0,0,0,0,0,0,0,0,0,0,0,0,0,0,0,0,0,0,0,0,0,0,0,0,0,0,0,0,0,0,0,0,0,0,0,0,0,0,0,0,0
"0. Blockbuster (75M+)",0,0,0,0,0,0,0,0,0,0,0,0,0,0,0,0,0,0,0,0,0,0,0,0,0,0,0,0,0,0,0,0,0,0,0,0,0,0,0,0,0,0,0,0,0,0,0,0,0,0,0,0,0,0,0,0,0,0,0,0,0,0,0,0,0,0,0,0,0,0,0,0,0,0,0,0,0,0,0,0,0,0,0,0,0,0,0,0,0,0,0,0,0,0,0,0,0,0,0,0,0,0,0,0,0,0,0,0,0,0,0,0,0,0,0,0,0,0,0,0,0,0,0,0,0,0,0,0,0,0,0,0,0,0,0,0,0,0,0,0,0,0,0,0,0,0,0,0,0,0,0,0,0,0,0,0,0,0,0,0,0,0,0,0,0,0,0,0,0,0,0,0,0,0,0,0,0,0,0,0,0,0,0,0,0,0,0,0,0,0,0,0,0,0,0,0,0,0,0,0,0,0,0,0,0,0,0,0,0,0,0,0,0,0,0,0,0
"0. Blockbuster (75M+)",0,0,0,0,0,0,0,0,0,0,0,0,0,0,0,0,0,0,0,0,0,0,0,0,0,0,0,0,0,0,0,0,0,0,0,0,0,0,0,0,0,0,0,0,0,0,0,0,0,0,0,0,0,0,0,0,0,0,0,0,0,0,0,0,0,0,0,0,0,0,0,0,0,0,0,0,0,0,0,0,0,0,0,0,0,0,0,0,0,0,0,0,0,0,0,0,0,0,0,0,0,0,0,0,0,0,0,0,0,0,0,0,0,0,0,0,0,0,0,0,0,0,0,0,0,0,0,0,0,0,0,0,0,0,0,0,0,0,0,0,0,0,0,0,0,0,0,0,0,0,0,0,0,0,0,0,0,0,0,0,0,0,0,0,0,0,0,0,0,0,0,0,0,0,0,0,0,0,0,0,0,0,0,0,0,0,0,0,0,0,0,0,0,0,0,0,0,0,0,0,0,0,0,0,0,0,0,0,0,0,0,0,0,0,0,0,0
"0. Blockbuster (75M+)",0,0,0,0,0,0,0,0,0,0,0,0,0,0,0,0,0,0,0,0,0,0,0,0,0,0,0,0,0,0,0,0,0,0,0,0,0,0,0,0,0,0,0,0,0,0,0,0,0,0,0,0,0,0,0,0,0,0,0,0,0,0,0,0,0,0,0,0,0,0,0,0,0,0,0,0,0,0,0,0,0,0,0,0,0,0,0,0,0,0,0,0,0,0,0,0,0,0,0,0,0,0,0,0,0,0,0,0,0,0,0,0,0,0,0,0,0,0,0,0,0,0,0,0,0,0,0,0,0,0,0,0,0,0,0,0,0,0,0,0,0,0,0,0,0,0,0,0,0,0,0,0,0,0,0,0,0,0,0,0,0,0,0,0,0,0,0,0,0,0,0,0,0,0,0,0,0,0,0,0,0,0,0,0,0,0,0,0,0,0,0,0,0,0,0,0,0,0,0,0,0,0,0,0,0,0,0,0,0,0,0,0,0,0,0,0,0
"0. Blockbuster (75M+)",0,0,0,0,0,0,0,0,0,0,0,0,0,0,0,0,0,0,0,0,0,0,0,0,0,0,0,0,0,0,0,0,0,0,0,0,0,0,0,0,0,0,0,0,0,0,0,0,0,0,0,0,0,0,0,0,0,0,0,0,0,0,0,0,0,0,0,0,0,0,0,0,0,0,0,0,0,0,0,0,0,0,0,0,0,0,0,0,0,0,0,0,0,0,0,0,0,0,0,0,0,0,0,0,0,0,0,0,0,0,0,0,0,0,0,0,0,0,0,0,0,0,0,0,0,0,0,0,0,0,0,0,0,0,0,0,0,0,0,0,0,0,0,0,0,0,0,0,0,0,0,0,0,0,0,0,0,0,0,0,0,0,0,0,0,0,0,0,0,0,0,0,0,0,0,0,0,0,0,0,0,0,0,0,0,0,0,0,0,0,0,0,0,0,0,0,0,0,0,0,0,0,0,0,0,0,0,0,0,0,0,0,0,0,0,0,0
"0. Blockbuster (75M+)",0,0,0,0,0,0,0,0,0,0,0,0,0,0,0,0,0,0,0,0,0,0,0,0,0,0,0,0,0,0,0,0,0,0,0,0,0,0,0,0,0,0,0,0,0,0,0,0,0,0,0,0,0,0,0,0,0,0,0,0,0,0,0,0,0,0,0,0,0,0,0,0,0,0,0,0,0,0,0,0,0,0,0,0,0,0,0,0,0,0,0,0,0,0,0,0,0,0,0,0,0,0,0,0,0,0,0,0,0,0,0,0,0,0,0,0,0,0,0,0,0,0,0,0,0,0,0,0,0,0,0,0,0,0,0,0,0,0,0,0,0,0,0,0,0,0,0,0,0,0,0,0,0,0,0,0,0,0,0,0,0,0,0,0,0,0,0,0,0,0,0,0,0,0,0,0,0,0,0,0,0,0,0,0,0,0,0,0,0,0,0,0,0,0,0,0,0,0,0,0,0,0,0,0,0,0,0,0,0,0,0,0,0,0,0,0,0
"0. Blockbuster (75M+)",0,0,0,0,0,0,0,0,0,0,0,0,0,0,0,0,0,0,0,0,0,0,0,0,0,0,0,0,0,0,0,0,0,0,0,0,0,0,0,0,0,0,0,0,0,0,0,0,0,0,0,0,0,0,0,0,0,0,0,0,0,0,0,0,0,0,0,0,0,0,0,0,0,0,0,0,0,0,0,0,0,0,0,0,0,0,0,0,0,0,0,0,0,0,0,0,0,0,0,0,0,0,0,0,0,0,0,0,0,0,0,0,0,0,0,0,0,0,0,0,0,0,0,0,0,0,0,0,0,0,0,0,0,0,0,0,0,0,0,0,0,0,0,0,0,0,0,0,0,0,0,0,0,0,0,0,0,0,0,0,0,0,0,0,0,0,0,0,0,0,0,0,0,0,0,0,0,0,0,0,0,0,0,0,0,0,0,0,0,0,0,0,0,0,0,0,0,0,0,0,0,0,0,0,0,0,0,0,0,0,0,0,0,0,0,0,0
"0. Blockbuster (75M+)",0,0,0,0,0,0,0,0,0,0,0,0,0,0,0,0,0,0,0,0,0,0,0,0,0,0,0,0,0,0,0,0,0,0,0,0,0,0,0,0,0,0,0,0,0,0,0,0,0,0,0,0,0,0,0,0,0,0,0,0,0,0,0,0,0,0,0,0,0,0,0,0,0,0,0,0,0,0,0,0,0,0,0,0,0,0,0,0,0,0,0,0,0,0,0,0,0,0,0,0,0,0,0,0,0,0,0,0,0,0,0,0,0,0,0,0,0,0,0,0,0,0,0,0,0,0,0,0,0,0,0,0,0,0,0,0,0,0,0,0,0,0,0,0,0,0,0,0,0,0,0,0,0,0,0,0,0,0,0,0,0,0,0,0,0,0,0,0,0,0,0,0,0,0,0,0,0,0,0,0,0,0,0,0,0,0,0,0,0,0,0,0,0,0,0,0,0,0,0,0,0,0,0,0,0,0,0,0,0,0,0,0,0,0,0,0,0
"0. Blockbuster (75M+)",0,0,0,0,0,0,0,0,0,0,0,0,0,0,0,0,0,0,0,0,0,0,0,0,0,0,0,0,0,0,0,0,0,0,0,0,0,0,0,0,0,0,0,0,0,0,0,0,0,0,0,0,0,0,0,0,0,0,0,0,0,0,0,0,0,0,0,0,0,0,0,0,0,0,0,0,0,0,0,0,0,0,0,0,0,0,0,0,0,0,0,0,0,0,0,0,0,0,0,0,0,0,0,0,0,0,0,0,0,0,0,0,0,0,0,0,0,0,0,0,0,0,0,0,0,0,0,0,0,0,0,0,0,0,0,0,0,0,0,0,0,0,0,0,0,0,0,0,0,0,0,0,0,0,0,0,0,0,0,0,0,0,0,0,0,0,0,0,0,0,0,0,0,0,0,0,0,0,0,0,0,0,0,0,0,0,0,0,0,0,0,0,0,0,0,0,0,0,0,0,0,0,0,0,0,0,0,0,0,0,0,0,0,0,0,0,0
"0. Blockbuster (75M+)",0,0,0,0,0,0,0,0,0,0,0,0,0,0,0,0,0,0,0,0,0,0,0,0,0,0,0,0,0,0,0,0,0,0,0,0,0,0,0,0,0,0,0,0,0,0,0,0,0,0,0,0,0,0,0,0,0,0,0,0,0,0,0,0,0,0,0,0,0,0,0,0,0,0,0,0,0,0,0,0,0,0,0,0,0,0,0,0,0,0,0,0,0,0,0,0,0,0,0,0,0,0,0,0,0,0,0,0,0,0,0,0,0,0,0,0,0,0,0,0,0,0,0,0,0,0,0,0,0,0,0,0,0,0,0,0,0,0,0,0,0,0,0,0,0,0,0,0,0,0,0,0,0,0,0,0,0,0,0,0,0,0,0,0,0,0,0,0,0,0,0,0,0,0,0,0,0,0,0,0,0,0,0,0,0,0,0,0,0,0,0,0,0,0,0,0,0,0,0,0,0,0,0,0,0,0,0,0,0,0,0,0,0,0,0,0,0
"0. Blockbuster (75M+)",0,0,0,0,0,0,0,0,0,0,0,0,0,0,0,0,0,0,0,0,0,0,0,0,0,0,0,0,0,0,0,0,0,0,0,0,0,0,0,0,0,0,0,0,0,0,0,0,0,0,0,0,0,0,0,0,0,0,0,0,0,0,0,0,0,0,0,0,0,0,0,0,0,0,0,0,0,0,0,0,0,0,0,0,0,0,0,0,0,0,0,0,0,0,0,0,0,0,0,0,0,0,0,0,0,0,0,0,0,0,0,0,0,0,0,0,0,0,0,0,0,0,0,0,0,0,0,0,0,0,0,0,0,0,0,0,0,0,0,0,0,0,0,0,0,0,0,0,0,0,0,0,0,0,0,0,0,0,0,0,0,0,0,0,0,0,0,0,0,0,0,0,0,0,0,0,0,0,0,0,0,0,0,0,0,0,0,0,0,0,0,0,0,0,0,0,0,0,0,0,0,0,0,0,0,0,0,0,0,0,0,0,0,0,0,0,0
"0. Blockbuster (75M+)",0,0,0,0,0,0,0,0,0,0,0,0,0,0,0,0,0,0,0,0,0,0,0,0,0,0,0,0,0,0,0,0,0,0,0,0,0,0,0,0,0,0,0,0,0,0,0,0,0,0,0,0,0,0,0,0,0,0,0,0,0,0,0,0,0,0,0,0,0,0,0,0,0,0,0,0,0,0,0,0,0,0,0,0,0,0,0,0,0,0,0,0,0,0,0,0,0,0,0,0,0,0,0,0,0,0,0,0,0,0,0,0,0,0,0,0,0,0,0,0,0,0,0,0,0,0,0,0,0,0,0,0,0,0,0,0,0,0,0,0,0,0,0,0,0,0,0,0,0,0,0,0,0,0,0,0,0,0,0,0,0,0,0,0,0,0,0,0,0,0,0,0,0,0,0,0,0,0,0,0,0,0,0,0,0,0,0,0,0,0,0,0,0,0,0,0,0,0,0,0,0,0,0,0,0,0,0,0,0,0,0,0,0,0,0,0,0
"0. Blockbuster (75M+)",0,0,0,0,0,0,0,0,0,0,0,0,0,0,0,0,0,0,0,0,0,0,0,0,0,0,0,0,0,0,0,0,0,0,0,0,0,0,0,0,0,0,0,0,0,0,0,0,0,0,0,0,0,0,0,0,0,0,0,0,0,0,0,0,0,0,0,0,0,0,0,0,0,0,0,0,0,0,0,0,0,0,0,0,0,0,0,0,0,0,0,0,0,0,0,0,0,0,0,0,0,0,0,0,0,0,0,0,0,0,0,0,0,0,0,0,0,0,0,0,0,0,0,0,0,0,0,0,0,0,0,0,0,0,0,0,0,0,0,0,0,0,0,0,0,0,0,0,0,0,0,0,0,0,0,0,0,0,0,0,0,0,0,0,0,0,0,0,0,0,0,0,0,0,0,0,0,0,0,0,0,0,0,0,0,0,0,0,0,0,0,0,0,0,0,0,0,0,0,0,0,0,0,0,0,0,0,0,0,0,0,0,0,0,0,0,0
"0. Blockbuster (75M+)",0,0,0,0,0,0,0,0,0,0,0,0,0,0,0,0,0,0,0,0,0,0,0,0,0,0,0,0,0,0,0,0,0,0,0,0,0,0,0,0,0,0,0,0,0,0,0,0,0,0,0,0,0,0,0,0,0,0,0,0,0,0,0,0,0,0,0,0,0,0,0,0,0,0,0,0,0,0,0,0,0,0,0,0,0,0,0,0,0,0,0,0,0,0,0,0,0,0,0,0,0,0,0,0,0,0,0,0,0,0,0,0,0,0,0,0,0,0,0,0,0,0,0,0,0,0,0,0,0,0,0,0,0,0,0,0,0,0,0,0,0,0,0,0,0,0,0,0,0,0,0,0,0,0,0,0,0,0,0,0,0,0,0,0,0,0,0,0,0,0,0,0,0,0,0,0,0,0,0,0,0,0,0,0,0,0,0,0,0,0,0,0,0,0,0,0,0,0,0,0,0,0,0,0,0,0,0,0,0,0,0,0,0,0,0,0,0
"0. Blockbuster (75M+)",0,0,0,0,0,0,0,0,0,0,0,0,0,0,0,0,0,0,0,0,0,0,0,0,0,0,0,0,0,0,0,0,0,0,0,0,0,0,0,0,0,0,0,0,0,0,0,0,0,0,0,0,0,0,0,0,0,0,0,0,0,0,0,0,0,0,0,0,0,0,0,0,0,0,0,0,0,0,0,0,0,0,0,0,0,0,0,0,0,0,0,0,0,0,0,0,0,0,0,0,0,0,0,0,0,0,0,0,0,0,0,0,0,0,0,0,0,0,0,0,0,0,0,0,0,0,0,0,0,0,0,0,0,0,0,0,0,0,0,0,0,0,0,0,0,0,0,0,0,0,0,0,0,0,0,0,0,0,0,0,0,0,0,0,0,0,0,0,0,0,0,0,0,0,0,0,0,0,0,0,0,0,0,0,0,0,0,0,0,0,0,0,0,0,0,0,0,0,0,0,0,0,0,0,0,0,0,0,0,0,0,0,0,0,0,0,0
"0. Blockbuster (75M+)",0,0,0,0,0,0,0,0,0,0,0,0,0,0,0,0,0,0,0,0,0,0,0,0,0,0,0,0,0,0,0,0,0,0,0,0,0,0,0,0,0,0,0,0,0,0,0,0,0,0,0,0,0,0,0,0,0,0,0,0,0,0,0,0,0,0,0,0,0,0,0,0,0,0,0,0,0,0,0,0,0,0,0,0,0,0,0,0,0,0,0,0,0,0,0,0,0,0,0,0,0,0,0,0,0,0,0,0,0,0,0,0,0,0,0,0,0,0,0,0,0,0,0,0,0,0,0,0,0,0,0,0,0,0,0,0,0,0,0,0,0,0,0,0,0,0,0,0,0,0,0,0,0,0,0,0,0,0,0,0,0,0,0,0,0,0,0,0,0,0,0,0,0,0,0,0,0,0,0,0,0,0,0,0,0,0,0,0,0,0,0,0,0,0,0,0,0,0,0,0,0,0,0,0,0,0,0,0,0,0,0,0,0,0,0,0,0
"0. Blockbuster (75M+)",0,0,0,0,0,0,0,0,0,0,0,0,0,0,0,0,0,0,0,0,0,0,0,0,0,0,0,0,0,0,0,0,0,0,0,0,0,0,0,0,0,0,0,0,0,0,0,0,0,0,0,0,0,0,0,0,0,0,0,0,0,0,0,0,0,0,0,0,0,0,0,0,0,0,0,0,0,0,0,0,0,0,0,0,0,0,0,0,0,0,0,0,0,0,0,0,0,0,0,0,0,0,0,0,0,0,0,0,0,0,0,0,0,0,0,0,0,0,0,0,0,0,0,0,0,0,0,0,0,0,0,0,0,0,0,0,0,0,0,0,0,0,0,0,0,0,0,0,0,0,0,0,0,0,0,0,0,0,0,0,0,0,0,0,0,0,0,0,0,0,0,0,0,0,0,0,0,0,0,0,0,0,0,0,0,0,0,0,0,0,0,0,0,0,0,0,0,0,0,0,0,0,0,0,0,0,0,0,0,0,0,0,0,0,0,0,0
"0. Blockbuster (75M+)",0,0,0,0,0,0,0,0,0,0,0,0,0,0,0,0,0,0,0,0,0,0,0,0,0,0,0,0,0,0,0,0,0,0,0,0,0,0,0,0,0,0,0,0,0,0,0,0,0,0,0,0,0,0,0,0,0,0,0,0,0,0,0,0,0,0,0,0,0,0,0,0,0,0,0,0,0,0,0,0,0,0,0,0,0,0,0,0,0,0,0,0,0,0,0,0,0,0,0,0,0,0,0,0,0,0,0,0,0,0,0,0,0,0,0,0,0,0,0,0,0,0,0,0,0,0,0,0,0,0,0,0,0,0,0,0,0,0,0,0,0,0,0,0,0,0,0,0,0,0,0,0,0,0,0,0,0,0,0,0,0,0,0,0,0,0,0,0,0,0,0,0,0,0,0,0,0,0,0,0,0,0,0,0,0,0,0,0,0,0,0,0,0,0,0,0,0,0,0,0,0,0,0,0,0,0,0,0,0,0,0,0,0,0,0,0,0
"0. Blockbuster (75M+)",0,0,0,0,0,0,0,0,0,0,0,0,0,0,0,0,0,0,0,0,0,0,0,0,0,0,0,0,0,0,0,0,0,0,0,0,0,0,0,0,0,0,0,0,0,0,0,0,0,0,0,0,0,0,0,0,0,0,0,0,0,0,0,0,0,0,0,0,0,0,0,0,0,0,0,0,0,0,0,0,0,0,0,0,0,0,0,0,0,0,0,0,0,0,0,0,0,0,0,0,0,0,0,0,0,0,0,0,0,0,0,0,0,0,0,0,0,0,0,0,0,0,0,0,0,0,0,0,0,0,0,0,0,0,0,0,0,0,0,0,0,0,0,0,0,0,0,0,0,0,0,0,0,0,0,0,0,0,0,0,0,0,0,0,0,0,0,0,0,0,0,0,0,0,0,0,0,0,0,0,0,0,0,0,0,0,0,0,0,0,0,0,0,0,0,0,0,0,0,0,0,0,0,0,0,0,0,0,0,0,0,0,0,0,0,0,0
"0. Blockbuster (75M+)",0,0,0,0,0,0,0,0,0,0,0,0,0,0,0,0,0,0,0,0,0,0,0,0,0,0,0,0,0,0,0,0,0,0,0,0,0,0,0,0,0,0,0,0,0,0,0,0,0,0,0,0,0,0,0,0,0,0,0,0,0,0,0,0,0,0,0,0,0,0,0,0,0,0,0,0,0,0,0,0,0,0,0,0,0,0,0,0,0,0,0,0,0,0,0,0,0,0,0,0,0,0,0,0,0,0,0,0,0,0,0,0,0,0,0,0,0,0,0,0,0,0,0,0,0,0,0,0,0,0,0,0,0,0,0,0,0,0,0,0,0,0,0,0,0,0,0,0,0,0,0,0,0,0,0,0,0,0,0,0,0,0,0,0,0,0,0,0,0,0,0,0,0,0,0,0,0,0,0,0,0,0,0,0,0,0,0,0,0,0,0,0,0,0,0,0,0,0,0,0,0,0,0,0,0,0,0,0,0,0,0,0,0,0,0,0,0
"0. Blockbuster (75M+)",0,0,0,0,0,0,0,0,0,0,0,0,0,0,0,0,0,0,0,0,0,0,0,0,0,0,0,0,0,0,0,0,0,0,0,0,0,0,0,0,0,0,0,0,0,0,0,0,0,0,0,0,0,0,0,0,0,0,0,0,0,0,0,0,0,0,0,0,0,0,0,0,0,0,0,0,0,0,0,0,0,0,0,0,0,0,0,0,0,0,0,0,0,0,0,0,0,0,0,0,0,0,0,0,0,0,0,0,0,0,0,0,0,0,0,0,0,0,0,0,0,0,0,0,0,0,0,0,0,0,0,0,0,0,0,0,0,0,0,0,0,0,0,0,0,0,0,0,0,0,0,0,0,0,0,0,0,0,0,0,0,0,0,0,0,0,0,0,0,0,0,0,0,0,0,0,0,0,0,0,0,0,0,0,0,0,0,0,0,0,0,0,0,0,0,0,0,0,0,0,0,0,0,0,0,0,0,0,0,0,0,0,0,0,0,0,0
"0. Blockbuster (75M+)",0,0,0,0,0,0,0,0,0,0,0,0,0,0,0,0,0,0,0,0,0,0,0,0,0,0,0,0,0,0,0,0,0,0,0,0,0,0,0,0,0,0,0,0,0,0,0,0,0,0,0,0,0,0,0,0,0,0,0,0,0,0,0,0,0,0,0,0,0,0,0,0,0,0,0,0,0,0,0,0,0,0,0,0,0,0,0,0,0,0,0,0,0,0,0,0,0,0,0,0,0,0,0,0,0,0,0,0,0,0,0,0,0,0,0,0,0,0,0,0,0,0,0,0,0,0,0,0,0,0,0,0,0,0,0,0,0,0,0,0,0,0,0,0,0,0,0,0,0,0,0,0,0,0,0,0,0,0,0,0,0,0,0,0,0,0,0,0,0,0,0,0,0,0,0,0,0,0,0,0,0,0,0,0,0,0,0,0,0,0,0,0,0,0,0,0,0,0,0,0,0,0,0,0,0,0,0,0,0,0,0,0,0,0,0,0,0
"0. Blockbuster (75M+)",0,0,0,0,0,0,0,0,0,0,0,0,0,0,0,0,0,0,0,0,0,0,0,0,0,0,0,0,0,0,0,0,0,0,0,0,0,0,0,0,0,0,0,0,0,0,0,0,0,0,0,0,0,0,0,0,0,0,0,0,0,0,0,0,0,0,0,0,0,0,0,0,0,0,0,0,0,0,0,0,0,0,0,0,0,0,0,0,0,0,0,0,0,0,0,0,0,0,0,0,0,0,0,0,0,0,0,0,0,0,0,0,0,0,0,0,0,0,0,0,0,0,0,0,0,0,0,0,0,0,0,0,0,0,0,0,0,0,0,0,0,0,0,0,0,0,0,0,0,0,0,0,0,0,0,0,0,0,0,0,0,0,0,0,0,0,0,0,0,0,0,0,0,0,0,0,0,0,0,0,0,0,0,0,0,0,0,0,0,0,0,0,0,0,0,0,0,0,0,0,0,0,0,0,0,0,0,0,0,0,0,0,0,0,0,0,0
"0. Blockbuster (75M+)",0,0,0,0,0,0,0,0,0,0,0,0,0,0,0,0,0,0,0,0,0,0,0,0,0,0,0,0,0,0,0,0,0,0,0,0,0,0,0,0,0,0,0,0,0,0,0,0,0,0,0,0,0,0,0,0,0,0,0,0,0,0,0,0,0,0,0,0,0,0,0,0,0,0,0,0,0,0,0,0,0,0,0,0,0,0,0,0,0,0,0,0,0,0,0,0,0,0,0,0,0,0,0,0,0,0,0,0,0,0,0,0,0,0,0,0,0,0,0,0,0,0,0,0,0,0,0,0,0,0,0,0,0,0,0,0,0,0,0,0,0,0,0,0,0,0,0,0,0,0,0,0,0,0,0,0,0,0,0,0,0,0,0,0,0,0,0,0,0,0,0,0,0,0,0,0,0,0,0,0,0,0,0,0,0,0,0,0,0,0,0,0,0,0,0,0,0,0,0,0,0,0,0,0,0,0,0,0,0,0,0,0,0,0,0,0,0
"0. Blockbuster (75M+)",0,0,0,0,0,0,0,0,0,0,0,0,0,0,0,0,0,0,0,0,0,0,0,0,0,0,0,0,0,0,0,0,0,0,0,0,0,0,0,0,0,0,0,0,0,0,0,0,0,0,0,0,0,0,0,0,0,0,0,0,0,0,0,0,0,0,0,0,0,0,0,0,0,0,0,0,0,0,0,0,0,0,0,0,0,0,0,0,0,0,0,0,0,0,0,0,0,0,0,0,0,0,0,0,0,0,0,0,0,0,0,0,0,0,0,0,0,0,0,0,0,0,0,0,0,0,0,0,0,0,0,0,0,0,0,0,0,0,0,0,0,0,0,0,0,0,0,0,0,0,0,0,0,0,0,0,0,0,0,0,0,0,0,0,0,0,0,0,0,0,0,0,0,0,0,0,0,0,0,0,0,0,0,0,0,0,0,0,0,0,0,0,0,0,0,0,0,0,0,0,0,0,0,0,0,0,0,0,0,0,0,0,0,0,0,0,0
"0. Blockbuster (75M+)",0,0,0,0,0,0,0,0,0,0,0,0,0,0,0,0,0,0,0,0,0,0,0,0,0,0,0,0,0,0,0,0,0,0,0,0,0,0,0,0,0,0,0,0,0,0,0,0,0,0,0,0,0,0,0,0,0,0,0,0,0,0,0,0,0,0,0,0,0,0,0,0,0,0,0,0,0,0,0,0,0,0,0,0,0,0,0,0,0,0,0,0,0,0,0,0,0,0,0,0,0,0,0,0,0,0,0,0,0,0,0,0,0,0,0,0,0,0,0,0,0,0,0,0,0,0,0,0,0,0,0,0,0,0,0,0,0,0,0,0,0,0,0,0,0,0,0,0,0,0,0,0,0,0,0,0,0,0,0,0,0,0,0,0,0,0,0,0,0,0,0,0,0,0,0,0,0,0,0,0,0,0,0,0,0,0,0,0,0,0,0,0,0,0,0,0,0,0,0,0,0,0,0,0,0,0,0,0,0,0,0,0,0,0,0,0,0
"0. Blockbuster (75M+)",0,0,0,0,0,0,0,0,0,0,0,0,0,0,0,0,0,0,0,0,0,0,0,0,0,0,0,0,0,0,0,0,0,0,0,0,0,0,0,0,0,0,0,0,0,0,0,0,0,0,0,0,0,0,0,0,0,0,0,0,0,0,0,0,0,0,0,0,0,0,0,0,0,0,0,0,0,0,0,0,0,0,0,0,0,0,0,0,0,0,0,0,0,0,0,0,0,0,0,0,0,0,0,0,0,0,0,0,0,0,0,0,0,0,0,0,0,0,0,0,0,0,0,0,0,0,0,0,0,0,0,0,0,0,0,0,0,0,0,0,0,0,0,0,0,0,0,0,0,0,0,0,0,0,0,0,0,0,0,0,0,0,0,0,0,0,0,0,0,0,0,0,0,0,0,0,0,0,0,0,0,0,0,0,0,0,0,0,0,0,0,0,0,0,0,0,0,0,0,0,0,0,0,0,0,0,0,0,0,0,0,0,0,0,0,0,0
"0. Not Blockbuster (<75M)",8,11,17,11,11,18,4,5,27,42,79,7,12,16,5,27,34,19,9,51,9,12,46,12,5,11,80,17,9,5,8,31,36,16,3,4,14,12,22,11,7,3,7,27,22,6,5,11,9,22,9,2,3,9,53,6,3,17,21,15,6,31,21,2,5,47,27,16,21,15,7,16,15,9,6,5,62,14,2,6,47,15,7,27,10,39,4,13,17,4,24,13,33,1,25,22,31,14,44,10,30,19,9,51,18,1,4,6,52,14,5,21,32,21,18,11,25,5,50,31,93,9,69,7,7,12,8,6,7,15,9,9,10,9,5,8,18,15,20,65,13,12,40,18,1,50,12,3,6,14,8,13,4,12,1,3,19,5,6,18,4,23,7,8,5,16,8,3,5,12,4,35,7,32,8,0,20,12,9,9,7,14,12,35,12,2,8,8,11,3,10,6,12,55,1,3,5,13,1,18,3,7,6,1,27,46,73,5,29,142,3,13,18,5,20,5,9
"0. Not Blockbuster (<75M)",32,7,8,0,2,30,1,11,43,61,104,1,31,6,8,4,6,22,6,41,10,16,16,8,7,20,19,3,10,3,13,11,15,19,8,2,18,17,19,13,21,8,12,62,41,6,4,34,2,21,24,5,7,3,27,5,4,9,7,15,13,13,4,4,7,49,32,16,37,9,6,6,32,7,8,5,15,4,11,2,44,10,6,22,14,25,7,19,10,4,22,8,89,1,11,15,38,4,47,3,17,11,11,54,10,2,3,2,39,2,4,17,7,9,7,21,5,3,20,18,55,12,85,5,15,7,13,12,14,13,2,5,12,2,3,3,9,21,40,10,10,7,8,10,8,43,7,29,2,17,7,14,5,17,11,10,10,4,5,14,12,23,9,5,31,13,13,1,16,3,11,20,5,33,9,4,11,8,3,3,8,9,17,63,4,3,8,3,13,12,12,15,83,59,5,5,14,6,24,2,2,8,18,8,5,31,10,2,9,73,12,3,14,11,9,4,16
"0. Not Blockbuster (<75M)",2,11,1,3,1,11,8,4,15,30,56,5,12,2,1,7,3,3,2,56,26,7,21,4,6,1,59,13,3,16,11,7,73,41,15,12,7,3,9,1,5,7,1,10,8,2,1,7,2,9,1,4,10,4,92,15,3,22,5,8,43,16,33,4,3,11,30,2,4,3,4,10,26,4,0,177,40,25,12,3,50,8,0,77,15,27,15,2,10,22,9,7,33,3,5,3,19,7,45,10,12,2,1,45,2,8,8,1,4,21,3,17,5,8,34,8,23,18,19,6,37,1,28,1,3,13,11,3,10,7,31,1,15,23,9,10,2,27,41,6,10,13,9,4,6,30,4,36,5,8,3,6,1,6,7,10,11,7,2,8,3,7,7,4,13,6,15,8,4,6,5,30,1,16,4,14,17,46,4,6,15,8,17,20,3,12,3,12,14,2,8,3,14,41,4,2,9,24,8,47,3,4,17,5,17,14,17,13,5,18,24,15,1,5,20,9,4
"0. Not Blockbuster (<75M)",21,5,8,3,4,33,4,5,42,27,102,2,32,1,3,8,4,3,7,42,8,17,20,13,16,7,1,3,2,14,20,3,32,80,5,3,11,15,11,4,5,5,4,31,17,5,3,9,3,22,124,9,31,5,36,12,4,17,14,30,30,11,30,4,5,15,15,9,29,31,8,13,44,4,10,7,5,13,34,7,56,4,7,49,17,8,5,4,20,9,9,14,55,13,28,18,27,19,98,7,13,4,7,31,5,13,8,6,20,1,2,23,7,12,9,4,25,11,27,14,48,6,95,28,34,17,22,9,12,9,4,2,21,14,4,10,3,28,70,3,13,10,16,9,6,39,7,23,9,17,2,18,4,5,18,4,21,7,7,1,3,11,8,26,27,34,7,14,41,10,16,18,2,32,8,7,18,13,10,7,23,8,12,47,1,2,5,8,10,4,8,13,40,38,4,5,6,1,14,27,1,12,13,9,2,30,24,14,3,13,27,10,1,5,2,7,8
"0. Not Blockbuster (<75M)",29,12,17,11,21,39,16,29,41,52,133,11,15,3,21,15,15,22,16,63,21,7,43,1,10,11,54,22,15,48,15,15,101,35,18,15,14,36,71,40,34,16,16,56,81,19,23,1,4,6,4,8,21,16,73,9,12,14,2,7,23,56,48,14,18,43,30,27,46,17,34,15,27,8,9,13,14,24,28,31,125,10,18,109,38,8,7,22,33,22,45,11,155,11,51,39,72,22,10,39,49,2,12,85,11,19,49,9,36,8,12,9,47,8,21,53,23,28,25,21,102,73,154,12,28,0,10,13,25,29,10,21,1,15,8,53,11,76,31,10,1,253,32,5,15,64,27,2,14,44,6,0,8,26,3,13,48,22,4,4,11,0,10,0,6,42,11,20,27,32,22,32,6,3,16,5,20,70,49,17,41,41,28,84,15,12,13,12,1,11,10,7,1,48,3,6,7,0,5,32,17,8,1,11,17,65,114,19,14,19,10,33,12,16,32,9,22
"0. Not Blockbuster (<75M)",5,4,2,10,10,9,7,4,25,17,29,10,8,4,9,12,3,4,1,43,36,4,21,4,12,1,63,5,1,29,16,6,91,21,6,3,10,3,12,6,6,8,2,7,17,2,21,6,17,22,4,2,10,5,77,28,9,6,7,17,23,41,17,2,0,12,11,5,14,7,2,7,30,6,1,22,4,23,7,18,58,9,5,71,16,15,12,4,14,18,12,1,100,4,14,8,35,4,35,8,25,18,5,18,1,11,19,6,9,7,2,12,12,5,26,22,23,21,111,12,45,12,31,3,5,10,9,4,9,17,3,4,4,10,6,28,5,53,25,4,2,21,27,4,10,30,3,4,2,0,5,11,2,1,10,9,30,12,3,6,2,8,7,8,1,17,17,11,4,13,18,12,1,12,3,7,23,29,20,16,26,12,12,30,4,3,21,11,6,3,4,7,12,21,3,1,21,10,1,43,9,7,5,3,5,13,18,15,128,21,8,5,3,8,18,4,4
"0. Not Blockbuster (<75M)",45,43,28,25,43,76,25,14,75,76,118,46,67,37,30,28,52,60,24,66,2,31,81,5,28,64,91,72,6,42,2,40,9,58,16,15,62,69,68,88,127,25,17,121,107,43,34,51,13,156,38,43,45,17,20,0,11,22,3,0,16,73,17,46,34,74,61,13,91,30,46,50,5,11,16,56,66,11,28,7,91,36,36,78,92,47,43,100,62,0,114,46,87,4,108,130,35,27,4,85,52,5,20,210,45,4,13,59,53,48,43,8,80,55,18,132,157,67,117,87,132,98,354,35,38,0,33,23,36,46,7,15,0,27,11,7,29,45,57,41,1,174,45,3,42,132,61,2,8,51,17,3,6,67,0,16,62,6,5,22,23,3,12,0,9,65,15,46,21,24,13,46,47,5,20,6,40,9,32,31,41,73,103,208,27,14,21,47,0,8,17,20,3,165,16,30,21,6,10,12,14,14,0,12,26,95,63,3,81,82,15,41,65,42,23,5,70
"0. Not Blockbuster (<75M)",17,9,7,6,2,39,10,14,68,39,112,8,19,2,5,3,41,9,16,63,25,21,19,24,10,15,71,3,9,10,13,5,23,3,2,6,16,9,17,9,17,15,7,82,62,9,5,10,5,23,13,9,22,12,37,35,7,12,9,16,22,22,18,6,4,28,34,6,23,26,6,7,52,6,4,9,3,3,12,3,51,9,4,18,11,4,4,26,8,9,17,29,60,2,10,19,30,14,131,9,12,15,9,3,11,4,4,5,21,26,8,26,7,7,21,13,8,13,29,23,65,11,79,13,17,11,25,13,6,5,7,14,27,4,4,6,2,43,27,1,12,8,11,9,16,125,6,60,1,33,6,33,2,19,12,3,33,1,7,16,8,25,4,15,7,31,12,0,29,5,7,25,2,37,4,0,13,23,6,7,15,2,15,29,4,4,7,7,19,8,6,6,47,52,1,6,4,10,16,8,1,13,33,8,17,27,12,6,63,23,10,2,3,3,19,4,6
"0. Not Blockbuster (<75M)",1,0,0,0,0,0,0,1,7,0,7,0,0,0,0,0,3,1,0,1,0,1,3,3,1,1,2,1,0,0,1,0,1,0,0,0,2,0,1,0,1,0,1,3,1,0,0,0,1,2,1,0,0,0,0,1,2,0,3,1,2,0,1,0,0,2,3,1,0,0,0,0,0,2,2,0,6,0,4,0,1,0,0,0,0,1,0,0,0,1,3,1,3,0,0,1,8,0,23,0,0,3,0,7,0,0,0,0,0,0,11,2,0,0,2,0,0,1,0,0,0,9,1,0,0,1,0,1,9,1,0,1,1,0,1,1,1,0,7,0,1,0,0,0,0,0,1,5,1,1,5,3,0,1,2,0,0,0,0,0,1,3,2,1,0,0,0,0,0,0,3,1,1,0,0,1,0,0,0,0,0,0,0,0,0,0,2,0,0,0,0,0,1,2,1,0,2,6,0,0,0,1,0,0,0,0,0,0,2,0,0,1,1,1,0,0,22
"0. Not Blockbuster (<75M)",12,2,9,11,16,22,6,6,49,29,76,5,23,2,5,5,10,45,6,37,6,5,18,2,8,6,94,4,3,4,12,2,12,8,7,5,7,3,26,7,6,10,8,33,31,5,4,9,1,12,10,2,31,6,15,6,2,8,3,11,27,15,4,1,4,22,25,8,43,4,1,11,1,8,13,17,8,2,14,0,57,7,3,24,13,9,10,10,12,8,8,18,75,5,15,13,19,23,110,2,16,5,18,53,4,2,6,1,4,10,56,23,13,1,5,7,8,22,28,18,40,21,58,11,16,1,14,14,19,18,9,9,14,4,3,0,19,8,54,13,15,3,12,4,5,49,5,24,4,19,17,23,5,32,6,4,11,4,9,8,4,8,6,6,6,17,6,11,8,4,8,30,5,8,7,9,9,1,23,8,10,7,12,16,2,3,2,3,11,7,11,11,28,17,4,19,2,23,12,16,2,11,18,11,37,15,18,2,6,97,3,39,0,8,23,1,18
"0. Not Blockbuster (<75M)",17,15,4,5,7,10,2,5,9,16,46,6,6,8,4,12,13,1,15,28,4,13,14,12,2,4,48,3,5,1,2,4,5,11,2,1,8,9,11,6,9,7,4,80,18,3,9,22,3,7,8,5,4,5,1,4,0,3,0,7,3,34,0,6,4,27,19,19,12,2,4,6,1,1,1,13,54,1,6,1,10,8,8,31,5,2,11,7,6,5,20,9,21,2,22,12,19,2,31,6,20,7,4,31,45,0,3,7,26,2,12,10,15,9,8,27,8,5,10,19,24,7,27,2,10,6,2,8,8,8,6,2,6,4,2,6,7,8,51,2,3,10,19,7,3,36,7,10,2,3,7,17,2,2,9,4,14,3,3,5,2,38,4,1,10,8,7,1,9,3,9,18,6,29,10,2,11,0,7,0,15,9,3,9,1,6,7,2,3,1,3,5,23,16,0,2,3,6,1,7,3,1,14,3,13,18,18,0,4,61,15,10,4,11,13,0,12
"0. Not Blockbuster (<75M)",7,3,6,2,5,14,14,5,28,29,48,16,13,6,3,4,9,0,3,43,21,7,22,11,13,5,14,4,0,24,18,9,95,52,13,7,11,3,22,6,7,9,9,27,33,3,8,19,8,20,13,3,21,14,53,10,4,19,9,23,48,36,20,9,5,18,17,8,32,13,7,5,31,3,12,2,12,12,5,8,64,4,11,75,11,6,6,6,10,18,7,5,61,20,16,5,35,11,57,8,19,5,6,31,1,5,16,1,24,2,1,6,10,6,18,15,18,12,12,18,44,17,59,13,5,19,6,2,40,8,7,7,11,11,12,24,5,40,59,8,5,19,21,7,9,62,8,10,6,8,4,15,13,8,19,12,28,17,8,4,8,17,4,6,5,11,10,31,13,7,20,17,2,28,3,15,13,39,16,5,22,3,6,23,9,2,1,10,12,6,16,8,33,19,5,9,9,36,12,29,13,4,6,4,6,20,28,19,4,13,13,6,1,5,14,1,1
"0. Not Blockbuster (<75M)",27,3,16,1,4,18,3,43,50,69,93,2,44,4,6,5,3,32,4,59,13,38,33,10,8,15,20,1,3,4,12,6,50,35,2,8,13,5,7,11,8,7,5,32,52,3,1,10,6,16,18,2,28,10,42,14,4,12,6,6,12,20,8,8,5,49,40,9,62,11,5,15,23,8,20,5,4,8,9,4,37,6,4,18,13,7,4,12,14,7,4,25,85,7,27,20,34,17,95,11,13,10,5,36,2,5,11,2,13,3,4,11,7,5,6,14,16,11,43,9,40,20,47,19,17,15,6,11,7,6,9,2,34,7,2,8,8,39,18,23,31,9,8,5,4,29,7,21,6,10,5,8,3,13,10,3,18,7,8,9,13,24,3,9,11,22,24,24,35,11,21,13,4,15,1,4,14,17,6,3,16,3,9,18,0,2,16,4,12,3,4,12,46,21,1,1,3,25,9,11,2,7,17,5,9,33,20,5,81,14,10,6,5,8,22,4,2
"0. Not Blockbuster (<75M)",12,4,9,7,12,19,25,4,40,26,78,13,10,13,12,17,5,16,2,88,26,1,67,14,16,5,101,2,2,35,21,9,164,26,13,5,7,4,36,19,8,15,0,5,5,2,13,13,14,27,9,17,34,2,101,17,11,16,2,8,58,78,81,12,9,14,18,13,15,10,8,13,48,16,4,33,48,32,9,10,152,11,18,228,13,42,14,7,25,21,21,5,135,18,56,21,51,8,8,17,26,3,6,49,3,11,80,6,5,11,18,8,35,9,15,19,12,22,38,10,78,19,69,3,9,5,15,3,19,6,13,12,13,25,5,55,3,90,49,3,4,28,29,13,16,60,7,0,6,11,18,25,7,7,4,1,27,25,6,3,5,11,12,9,2,28,9,22,3,28,31,42,1,18,12,17,20,110,21,12,70,14,15,52,4,10,12,12,2,11,13,19,20,29,8,2,17,33,5,57,11,16,3,5,5,29,118,36,0,19,8,4,4,10,31,6,4
"0. Not Blockbuster (<75M)",9,3,6,9,6,24,6,3,20,20,52,8,10,4,4,1,6,3,4,39,17,5,14,8,5,1,6,3,2,7,20,10,62,29,5,3,6,2,12,5,12,4,4,9,7,7,4,7,11,21,5,7,12,6,45,7,7,16,6,6,21,40,15,1,1,17,24,4,8,3,3,8,43,2,12,31,16,14,13,7,51,8,4,54,11,6,6,10,7,14,5,9,30,6,3,8,40,21,39,9,15,6,5,93,13,4,12,11,7,13,5,4,10,9,26,11,11,14,5,7,43,5,54,6,16,14,13,7,23,10,16,5,8,7,1,6,2,32,47,3,4,13,16,5,7,29,3,6,11,27,11,18,9,13,13,6,10,13,2,9,11,27,8,5,11,16,6,13,6,15,30,17,1,21,9,8,23,29,14,20,32,9,10,29,1,5,2,3,4,8,10,2,21,38,4,11,7,18,14,25,3,4,17,4,4,13,61,7,3,44,9,11,4,2,42,5,19
"0. Not Blockbuster (<75M)",4,4,9,2,7,11,33,3,26,35,69,14,13,6,11,12,4,3,2,86,31,11,40,27,8,10,99,5,9,22,33,2,82,55,10,5,13,16,27,9,26,14,6,25,23,4,11,9,0,23,6,5,20,4,42,7,11,4,9,12,42,25,16,10,2,9,15,12,11,16,4,7,46,0,9,32,65,30,6,15,53,7,8,87,21,25,8,9,7,8,17,5,88,5,25,18,37,25,63,6,17,15,7,25,5,16,12,11,31,14,32,4,24,6,21,18,23,18,66,19,40,17,51,2,14,17,14,2,27,9,13,5,14,12,2,24,8,20,66,3,3,13,47,12,6,62,8,13,5,9,5,10,29,9,34,8,30,20,3,6,21,15,5,23,8,25,9,33,15,23,26,16,2,25,5,11,20,37,12,13,46,10,6,31,4,5,2,19,9,13,13,5,12,25,5,14,15,25,7,58,10,8,11,12,3,31,50,8,5,57,2,19,3,3,39,18,21
"0. Not Blockbuster (<75M)",6,2,10,2,18,12,16,1,28,16,38,10,6,4,6,4,21,5,2,36,20,13,12,10,7,4,74,6,5,20,8,11,61,13,11,3,13,9,6,9,4,6,3,5,15,4,12,7,9,5,2,1,16,4,22,12,19,12,5,7,17,37,11,3,4,17,16,3,11,10,9,8,14,4,2,4,11,25,2,23,24,5,11,68,6,8,6,4,3,12,13,5,72,3,17,11,37,19,80,8,23,4,5,43,7,24,27,11,12,29,5,5,15,1,9,18,3,10,30,23,50,21,71,10,7,4,1,6,25,8,1,7,1,9,1,21,2,25,20,4,4,20,57,6,2,24,8,7,1,12,2,7,7,0,16,11,21,15,3,2,13,6,4,2,6,15,6,3,5,36,9,11,6,16,5,11,16,46,13,10,52,14,1,33,5,4,6,8,1,5,5,7,16,21,1,6,1,10,2,26,6,6,4,5,11,25,40,15,8,15,11,3,7,7,24,10,15
"0. Not Blockbuster (<75M)",12,21,2,4,8,19,11,7,24,22,78,6,16,3,6,12,16,3,5,37,28,4,19,10,6,8,76,5,5,9,19,11,64,15,8,5,9,8,21,14,21,22,1,36,47,3,4,26,8,15,7,3,13,13,47,18,7,13,5,16,50,30,9,6,6,21,54,7,48,21,14,13,59,11,6,28,12,10,6,7,53,13,6,81,6,6,8,16,16,8,8,14,74,6,18,38,40,24,57,8,11,5,0,41,7,17,4,8,9,14,18,8,11,11,28,19,27,12,22,11,153,8,72,5,14,6,9,14,36,7,19,4,15,11,3,20,1,39,39,4,2,22,32,14,3,29,9,7,2,7,2,10,12,5,3,15,21,11,3,6,18,11,7,11,7,24,11,6,7,17,28,16,1,25,11,9,25,23,20,10,23,11,13,39,8,9,10,11,2,1,6,6,34,32,4,17,3,10,10,46,7,10,3,32,2,21,18,17,11,39,25,6,5,14,21,3,6
"0. Not Blockbuster (<75M)",14,3,7,5,2,20,8,12,23,24,52,11,11,5,3,14,8,1,6,42,23,8,17,11,7,1,122,12,3,8,21,1,64,30,5,10,4,2,9,5,7,4,4,17,14,2,8,9,9,13,14,4,14,2,69,19,7,17,12,13,10,25,60,7,5,25,30,1,21,21,3,14,31,9,8,5,28,20,7,3,34,8,2,42,9,8,14,7,4,6,10,3,36,6,9,19,45,27,90,5,11,10,7,32,5,8,9,2,9,4,3,8,8,2,28,7,17,12,43,6,35,4,41,1,9,10,3,4,38,9,7,3,13,9,3,5,4,23,66,1,3,14,14,4,4,22,4,17,2,11,2,26,3,10,17,10,19,14,1,3,3,21,4,22,8,13,10,12,5,9,24,22,1,47,4,8,26,28,9,4,13,6,13,11,4,9,3,3,11,5,4,4,18,25,4,7,7,60,13,22,1,4,18,7,3,15,28,9,8,22,3,10,4,2,7,7,7
"0. Not Blockbuster (<75M)",13,13,10,1,11,16,6,7,14,38,47,14,16,10,2,10,1,4,6,32,33,7,26,17,6,8,66,2,3,10,12,3,62,36,7,2,3,7,4,5,2,6,3,39,33,3,11,8,12,10,2,1,7,6,11,8,6,8,6,21,17,19,4,3,1,28,15,6,26,10,5,16,30,3,5,7,46,17,7,18,39,6,6,60,9,29,10,6,20,7,10,12,35,1,26,14,21,8,73,13,16,6,4,27,4,3,4,9,22,23,0,2,10,6,25,15,16,13,41,11,43,5,29,7,12,9,11,6,17,6,12,1,16,2,4,18,5,8,37,1,9,6,11,3,3,50,4,17,7,6,11,20,5,4,31,14,19,20,2,1,1,3,2,6,2,21,5,18,11,4,10,24,5,35,3,2,10,22,6,12,38,9,1,24,1,3,8,7,4,10,3,4,25,19,4,13,7,6,4,18,5,1,15,5,3,19,26,6,3,18,13,24,2,2,24,4,6
"0. Not Blockbuster (<75M)",6,8,4,4,13,11,15,4,20,18,50,9,23,2,10,11,4,9,10,45,13,0,12,9,8,0,31,3,8,13,22,7,53,51,6,2,2,5,11,13,13,13,4,12,10,4,3,4,5,19,3,6,32,5,24,17,5,15,5,21,33,41,30,6,12,17,12,6,33,20,4,9,54,2,3,17,29,22,15,22,79,12,10,53,16,46,6,9,9,8,15,2,43,4,31,22,28,12,66,7,7,14,3,38,6,8,12,3,9,12,4,8,6,4,19,13,25,22,18,9,42,10,49,4,12,21,11,7,9,10,5,9,14,1,12,24,5,22,62,3,7,10,22,3,8,30,2,8,12,6,17,31,10,10,41,10,23,23,1,5,4,33,5,11,14,17,8,5,6,4,13,15,4,40,6,12,14,27,15,6,28,5,13,41,4,5,2,6,2,6,9,3,31,18,3,4,3,20,0,38,1,11,10,11,10,14,39,9,3,30,4,8,2,5,17,3,24
"0. Not Blockbuster (<75M)",10,6,1,4,5,12,4,2,19,17,46,4,13,5,2,11,95,5,3,35,21,3,24,3,7,4,48,1,4,15,12,2,55,25,9,2,10,8,20,3,7,8,8,61,22,1,9,6,4,11,3,5,8,3,58,23,8,12,4,15,25,33,64,25,7,16,12,5,34,7,7,3,18,6,3,9,61,10,2,7,75,1,7,60,17,4,6,3,14,6,2,8,82,4,11,11,34,12,32,9,18,9,4,26,8,7,12,7,10,4,1,2,11,6,15,10,23,15,54,7,30,5,58,2,7,3,11,7,48,13,8,5,14,11,6,15,2,47,43,7,5,6,20,2,5,31,5,13,21,7,6,18,5,7,15,11,36,12,4,6,0,7,9,14,7,16,5,3,2,12,16,17,3,26,6,5,16,20,23,8,44,7,2,41,7,3,8,8,7,4,9,10,29,19,7,1,7,18,2,42,8,11,17,6,5,25,27,23,70,16,8,0,5,9,13,6,3
"0. Not Blockbuster (<75M)",11,6,5,5,2,30,13,5,26,28,102,14,23,2,1,5,8,13,2,37,24,12,21,3,6,0,71,1,3,14,41,4,46,35,13,4,15,5,35,11,3,10,8,55,26,3,6,8,5,21,9,8,12,7,29,19,18,14,5,7,20,12,32,3,11,27,10,13,21,11,5,13,49,2,10,6,0,22,17,12,46,4,6,31,10,3,10,21,8,6,10,6,61,2,21,18,37,36,84,5,13,7,6,15,4,6,4,2,19,7,4,11,27,6,16,7,12,20,97,4,75,13,37,3,22,11,11,21,4,9,5,1,15,9,2,1,2,20,21,9,7,3,15,7,9,44,3,44,4,9,7,21,8,10,27,9,32,11,6,2,8,13,8,10,3,41,14,28,30,16,13,29,3,32,10,14,14,16,14,2,12,7,11,39,2,2,5,17,7,2,14,10,41,18,0,11,7,25,7,19,3,8,26,14,13,28,15,12,13,5,12,5,3,6,0,2,5
"0. Not Blockbuster (<75M)",6,5,6,6,2,4,11,1,19,16,32,4,1,13,10,10,2,10,3,38,18,3,14,6,4,1,47,6,3,13,16,5,63,10,8,1,16,2,8,5,7,1,2,6,8,3,20,7,11,9,7,2,7,3,60,16,12,8,4,21,20,30,26,4,4,8,6,9,5,12,8,1,10,2,4,1,10,13,7,21,52,2,24,61,6,20,6,2,8,6,15,5,116,4,9,6,19,5,21,5,9,10,3,11,8,9,22,2,2,19,2,4,12,3,4,11,17,8,38,7,21,10,25,1,7,3,7,7,41,8,2,1,9,13,16,49,4,25,42,2,2,8,24,2,1,26,6,14,8,7,8,3,3,1,7,4,26,11,6,2,0,5,6,3,0,11,7,3,2,16,2,9,6,10,3,13,10,33,35,5,49,7,4,23,4,1,6,4,3,5,5,4,3,14,6,2,10,6,3,51,2,6,5,3,5,35,25,12,2,13,6,11,3,4,11,1,10
"0. Not Blockbuster (<75M)",6,6,5,6,2,18,7,9,31,15,72,18,25,7,2,2,17,0,5,47,16,8,13,8,3,4,69,2,5,16,22,2,46,42,4,3,4,2,9,5,5,6,0,30,23,2,16,5,1,19,15,5,17,5,28,9,10,5,1,14,20,27,15,2,7,36,14,8,21,14,2,2,12,2,10,0,16,3,15,15,44,2,18,51,7,7,1,4,4,8,6,20,51,2,12,14,12,16,47,12,11,7,6,12,2,9,10,6,31,9,1,5,6,7,7,12,8,11,70,14,28,3,45,1,28,18,13,5,9,6,4,4,15,3,11,9,2,34,93,1,6,14,11,6,3,48,11,20,9,20,6,18,4,6,21,5,35,9,1,3,11,30,9,29,7,9,7,1,10,23,16,10,4,20,1,7,15,15,14,2,32,9,2,28,1,3,11,2,5,6,9,5,29,18,2,6,5,42,22,31,2,4,13,27,11,26,13,7,14,12,19,0,6,2,33,3,5
"0. Not Blockbuster (<75M)",15,17,6,5,6,13,7,3,13,44,42,7,13,10,15,3,17,6,7,38,26,5,24,11,3,6,124,4,5,4,13,3,43,8,3,2,14,15,10,10,6,2,8,15,40,4,4,14,8,17,2,8,2,9,16,2,6,13,5,13,15,18,2,4,2,39,14,3,10,7,9,11,13,8,5,16,15,40,7,20,25,4,9,38,9,6,21,8,16,6,10,9,43,2,23,12,29,6,26,6,15,9,5,31,9,1,5,12,40,9,2,9,27,11,17,19,20,12,61,17,88,32,43,3,9,10,4,6,4,12,30,6,6,2,0,3,8,16,11,6,6,18,34,3,4,29,5,20,4,15,5,22,1,13,25,7,19,6,3,13,1,31,3,9,12,25,4,5,8,15,11,15,3,36,7,2,20,20,13,6,21,10,6,40,4,1,6,6,5,6,3,9,23,19,5,7,15,40,3,16,12,7,28,8,15,19,38,7,6,45,8,18,6,4,32,19,15
"0. Not Blockbuster (<75M)",7,3,7,4,5,8,4,5,30,15,70,8,33,2,3,3,6,17,2,31,22,10,8,4,3,5,77,6,2,4,11,1,28,27,3,4,8,6,6,3,8,4,4,15,4,3,3,12,2,8,3,2,14,2,25,11,5,4,5,6,8,8,8,7,2,5,6,2,25,7,4,7,24,2,3,5,28,8,6,2,36,10,3,33,10,4,1,2,8,9,7,11,21,0,13,9,19,10,26,5,7,5,7,7,5,6,5,4,4,6,6,4,2,2,9,7,19,5,77,10,15,6,31,3,13,11,2,12,7,7,1,4,8,3,3,9,5,17,16,3,20,4,11,4,5,41,1,10,4,4,2,10,2,5,5,6,14,7,1,2,4,6,4,12,11,15,0,7,23,6,8,5,1,7,2,2,10,9,8,4,8,2,2,12,1,3,3,1,10,4,14,2,18,17,2,3,3,10,6,12,2,5,12,5,11,14,9,2,1,10,11,3,2,1,18,5,2
"0. Not Blockbuster (<75M)",46,12,15,14,14,19,4,11,46,38,76,10,45,8,9,2,15,55,6,16,10,8,22,11,1,11,50,4,11,4,1,4,36,70,5,4,25,0,7,8,22,4,5,31,27,10,3,6,2,15,26,14,43,7,16,2,1,10,5,19,11,18,20,9,5,29,42,5,28,1,3,2,17,10,8,2,7,14,19,13,25,5,6,26,16,12,5,13,4,8,10,17,27,8,28,34,49,14,94,3,9,10,4,31,10,2,4,4,13,19,4,5,5,7,8,24,9,46,52,1,37,33,82,29,47,22,13,8,7,8,17,10,14,8,1,9,7,28,73,7,4,7,19,88,17,26,5,11,0,19,10,31,6,39,11,1,11,4,1,17,4,25,4,12,13,8,25,9,16,3,31,19,4,26,3,2,17,20,6,2,14,8,30,22,5,1,7,3,2,3,3,7,30,39,1,5,5,13,16,12,1,15,14,5,12,25,35,9,18,33,28,14,4,7,22,3,14
"0. Not Blockbuster (<75M)",1,1,8,2,11,2,14,1,5,3,38,0,4,3,1,9,2,1,4,28,8,1,28,21,0,2,54,0,3,25,17,2,60,12,3,1,4,2,1,4,4,3,10,5,7,3,6,3,6,18,5,8,12,1,45,12,3,9,2,21,34,10,14,2,3,7,1,2,10,5,4,13,7,1,2,6,15,22,6,9,36,0,8,57,11,5,13,2,6,15,10,3,34,6,32,6,25,9,33,2,13,7,2,9,1,7,17,3,11,2,12,1,10,6,30,8,2,5,12,7,19,20,22,5,2,10,7,2,11,4,8,1,10,4,3,14,4,37,14,1,0,10,13,4,5,13,3,1,3,4,4,4,7,6,6,4,5,20,0,6,4,6,4,10,6,7,13,8,0,15,7,19,1,11,1,2,10,37,7,3,8,12,3,11,3,6,2,12,1,7,6,2,15,10,12,10,3,5,3,37,12,3,2,2,3,7,43,14,1,7,4,17,2,1,23,4,9
"0. Not Blockbuster (<75M)",8,3,2,2,10,14,12,13,58,23,70,31,17,4,4,8,7,5,19,54,27,8,24,12,4,1,67,2,14,21,36,4,67,55,2,9,1,6,10,11,6,11,7,47,26,3,7,5,13,9,10,1,18,3,45,17,14,9,17,8,34,35,11,16,2,30,22,14,30,14,6,11,21,5,9,16,19,26,8,14,73,10,10,62,9,4,15,7,16,10,6,12,46,3,28,10,32,15,66,6,33,17,4,10,1,14,8,1,24,9,8,4,16,2,23,13,7,20,33,10,25,4,37,12,8,28,4,1,3,7,6,3,31,5,6,32,3,23,41,6,9,7,11,8,8,37,3,16,3,11,8,20,9,9,25,3,17,12,1,3,5,4,9,10,5,15,11,7,1,21,20,17,5,64,5,4,21,36,11,6,25,8,12,32,5,5,3,14,7,8,15,4,32,20,3,6,3,29,6,39,7,8,9,4,7,27,16,20,2,14,18,4,0,2,14,9,5
"0. Not Blockbuster (<75M)",18,4,4,8,8,9,8,8,30,35,62,13,11,6,8,10,15,2,2,37,33,5,38,16,5,1,90,4,4,11,15,3,72,56,3,2,12,3,12,4,16,5,3,9,17,3,8,6,10,1,24,5,21,8,44,20,7,10,5,8,48,24,22,19,1,23,14,20,25,7,3,9,22,4,4,20,22,26,2,5,48,13,3,41,11,17,5,6,15,7,4,4,63,2,24,14,38,11,65,10,25,4,8,14,1,5,6,4,8,5,13,12,16,2,19,22,25,12,52,5,22,16,27,10,13,22,9,4,21,7,11,3,15,8,2,22,4,12,59,11,19,18,15,12,1,18,3,9,8,6,22,40,3,8,16,3,10,14,6,11,3,21,7,16,6,17,10,17,6,9,30,25,3,20,13,6,13,33,10,3,32,10,15,17,3,1,13,6,2,1,10,10,21,27,3,3,18,21,7,51,6,9,9,10,4,20,27,5,5,21,12,5,2,6,13,5,4
"0. Not Blockbuster (<75M)",4,15,3,3,8,19,10,6,24,25,53,13,10,4,2,8,2,6,5,44,20,7,15,9,4,6,71,1,3,12,16,4,59,43,5,7,6,4,8,9,12,13,1,30,26,6,4,7,3,16,9,6,29,6,32,15,4,12,3,13,16,16,12,7,3,13,27,4,34,11,2,6,18,3,2,15,38,12,15,4,40,6,3,29,10,79,4,18,12,9,8,23,39,2,25,22,25,7,30,5,18,12,2,30,3,6,5,2,1,7,8,12,7,6,10,18,23,21,28,7,44,8,33,5,28,14,10,7,12,7,14,3,22,12,1,9,2,15,19,3,3,8,10,6,5,39,4,11,4,19,8,11,5,9,11,2,13,6,1,3,4,9,2,5,4,17,13,27,13,6,19,19,3,7,6,3,13,17,5,7,20,12,10,34,3,5,13,2,4,8,6,17,25,19,3,5,3,3,4,27,5,6,6,7,7,15,22,3,2,32,15,19,4,2,15,6,5
"0. Not Blockbuster (<75M)",23,9,11,6,5,11,9,4,15,42,74,5,22,2,3,5,7,2,6,43,24,11,22,7,6,3,79,1,2,21,16,10,58,34,10,7,29,5,15,5,3,8,3,19,14,5,2,7,0,4,22,3,12,5,47,21,8,7,5,16,28,27,29,2,4,21,8,6,19,9,7,9,32,2,2,17,18,20,9,25,46,10,2,49,20,2,1,9,13,9,12,2,55,7,11,13,40,19,101,11,13,4,2,14,12,6,12,6,14,7,3,8,7,4,13,19,4,5,45,15,23,10,51,5,6,19,5,5,21,9,16,3,24,2,3,5,6,18,25,6,1,15,32,3,5,40,8,19,4,21,10,19,7,5,27,8,21,7,2,4,7,15,4,23,21,12,11,19,11,11,17,20,5,37,5,7,12,36,10,12,26,10,7,17,2,3,9,6,13,3,12,4,21,31,2,9,6,16,6,45,6,10,15,9,3,28,48,16,4,29,13,2,8,21,16,7,6
"0. Not Blockbuster (<75M)",1,14,1,12,9,9,14,14,39,19,26,18,9,9,3,8,2,2,8,55,28,6,24,28,15,14,61,0,7,26,20,7,53,64,12,8,9,3,22,6,6,9,3,11,13,2,4,12,7,13,3,1,15,11,28,19,7,4,9,23,28,27,18,3,3,16,11,8,3,11,6,11,24,13,6,4,9,13,15,14,54,1,4,55,18,4,7,13,12,16,7,19,27,5,16,10,24,21,50,8,14,6,6,11,3,13,11,5,34,4,8,6,20,2,23,9,27,18,51,3,40,22,55,1,5,29,11,2,21,19,12,1,1,4,6,27,9,32,44,3,1,15,17,5,2,38,7,14,7,19,6,9,20,13,3,8,17,25,2,2,8,6,11,10,6,33,10,18,6,15,18,17,4,36,9,10,11,46,11,5,38,9,1,29,4,8,16,9,8,5,16,5,14,26,11,14,10,23,9,29,9,7,4,2,18,12,32,7,2,13,10,2,7,4,41,5,8
"0. Not Blockbuster (<75M)",0,12,4,16,8,12,6,12,24,16,36,9,9,8,9,8,2,4,2,46,32,4,19,7,4,1,40,11,2,8,13,14,56,12,6,1,6,5,44,14,4,11,3,18,16,3,9,6,11,14,2,7,17,3,29,7,6,16,1,9,33,35,36,7,1,2,11,6,16,2,10,10,18,19,15,10,35,42,6,17,136,7,9,68,14,22,3,4,12,4,34,1,105,7,27,6,33,8,26,18,28,5,21,9,3,7,23,13,4,0,4,4,12,3,16,25,2,20,11,17,56,8,53,4,0,10,5,1,12,9,12,8,5,8,7,40,1,39,47,2,2,9,37,10,10,14,1,5,5,0,11,6,13,1,7,19,29,15,2,2,4,2,7,4,6,14,15,2,6,11,6,9,1,7,3,11,19,43,25,11,41,15,6,35,7,7,7,13,4,8,14,5,4,16,6,2,8,10,1,42,12,16,7,20,0,24,21,12,3,21,10,4,7,9,10,3,28
"0. Not Blockbuster (<75M)",5,10,2,10,7,25,11,1,27,26,61,7,13,5,10,3,2,11,2,41,33,19,19,16,7,3,28,6,2,25,18,3,78,25,5,5,3,7,10,7,4,4,4,16,17,3,6,10,5,19,7,7,19,6,33,7,6,10,5,8,17,32,20,4,7,36,24,3,31,10,4,4,35,4,4,20,14,28,7,14,76,3,10,89,17,16,8,9,6,23,13,2,53,13,38,32,19,14,44,4,24,7,5,26,5,8,11,4,12,7,1,5,9,13,14,14,32,27,44,16,37,17,46,6,3,10,7,5,12,19,7,2,9,8,4,14,4,33,40,2,2,9,27,6,6,28,5,7,5,8,10,16,8,5,42,5,21,24,4,3,3,7,4,12,21,22,11,8,7,14,42,8,1,28,2,6,38,45,10,8,22,9,16,37,4,4,4,5,4,4,11,8,17,26,6,7,2,5,4,36,4,7,21,12,2,15,21,23,6,11,6,26,1,0,13,5,2
"0. Not Blockbuster (<75M)",7,4,0,12,15,14,12,4,17,11,35,9,7,6,6,9,2,5,1,54,19,11,23,8,7,3,45,1,1,29,17,5,101,27,6,4,4,5,21,9,4,13,1,5,12,2,19,6,6,7,8,3,11,1,45,15,7,13,3,13,60,21,20,13,1,10,10,9,11,13,4,5,19,12,6,14,20,27,9,14,96,6,24,97,8,5,8,3,9,4,22,3,92,3,8,13,22,19,34,13,23,5,6,13,2,13,13,4,1,6,7,5,18,10,26,27,19,10,41,10,27,11,47,3,11,16,9,2,37,13,9,6,3,11,6,61,0,38,32,5,1,13,24,8,10,24,3,8,4,10,7,22,5,1,5,12,36,21,3,3,3,8,10,10,6,22,7,3,7,12,6,11,0,19,8,7,12,53,21,17,53,14,1,30,11,2,8,6,5,7,21,4,4,9,9,6,8,11,2,68,15,4,12,2,4,26,25,10,1,18,11,20,2,7,24,7,5
"0. Not Blockbuster (<75M)",12,7,1,15,3,7,11,1,22,17,33,6,10,9,5,5,10,1,0,44,15,26,11,11,18,10,9,2,1,25,3,7,54,21,5,7,6,6,7,1,10,4,3,6,15,1,4,11,1,13,6,12,13,4,45,6,10,14,0,5,42,20,25,0,9,8,10,7,6,7,11,9,18,9,2,37,28,17,38,10,37,5,7,34,21,10,11,14,2,9,5,15,57,5,3,2,9,20,11,9,14,2,5,44,4,7,16,8,5,15,1,3,15,7,14,6,11,17,37,6,34,8,50,7,13,4,13,7,28,3,8,2,6,8,11,9,1,22,18,2,3,10,16,2,15,29,7,15,19,5,2,3,8,2,2,9,24,2,3,4,2,7,14,6,3,7,12,25,1,7,5,14,1,4,11,11,6,59,5,11,39,4,14,29,5,2,11,3,2,2,10,8,8,66,5,8,1,3,8,60,3,10,6,15,2,13,44,16,11,12,4,31,2,0,15,7,7
"0. Not Blockbuster (<75M)",5,5,6,4,11,12,13,7,40,39,71,51,8,8,8,10,3,13,5,59,34,13,36,16,6,7,71,2,2,14,17,5,57,68,5,3,6,10,12,15,6,13,5,19,33,7,7,6,7,14,14,6,12,2,48,13,15,9,8,14,32,18,26,19,8,25,14,9,44,23,2,11,62,6,6,12,65,15,14,13,57,13,7,64,14,62,5,6,7,17,9,14,62,6,42,18,32,12,44,7,12,17,2,7,2,10,9,7,9,17,6,7,16,7,19,14,12,13,42,8,59,145,45,9,25,20,25,1,14,5,17,1,18,8,34,16,4,30,117,7,8,20,13,5,3,35,5,12,8,18,12,29,4,27,2,8,24,26,5,3,6,11,7,26,5,21,10,7,6,11,21,24,4,29,5,8,12,43,7,19,16,7,5,33,1,2,6,3,12,9,7,9,14,18,8,8,9,9,11,30,1,13,24,12,17,16,23,19,5,20,10,6,5,25,10,10,5
"0. Not Blockbuster (<75M)",13,4,11,5,4,20,1,0,30,8,79,17,24,4,1,0,14,7,3,11,4,6,11,0,4,6,80,2,3,1,2,5,7,42,1,6,6,1,2,2,0,2,9,16,11,9,1,3,4,9,9,3,18,5,10,8,1,2,1,4,3,14,5,5,6,30,18,6,29,5,1,2,11,3,8,3,71,3,10,3,12,4,1,6,8,2,2,12,1,9,7,12,16,1,7,20,15,16,74,7,4,7,1,49,7,2,3,0,6,8,0,4,3,7,6,3,3,18,23,4,39,6,22,14,3,5,12,10,6,6,1,5,22,1,1,0,2,14,31,6,19,2,2,4,3,20,2,17,2,23,8,31,8,15,28,3,3,4,1,4,5,15,1,4,2,31,6,8,2,9,18,4,3,16,4,2,0,10,2,1,2,2,7,12,2,0,5,1,13,2,2,5,41,21,2,4,7,29,19,3,13,6,3,4,5,10,9,4,10,5,21,6,1,1,3,3,10
"0. Not Blockbuster (<75M)",14,10,9,5,6,25,16,3,23,15,46,1,9,6,9,4,2,1,3,57,28,21,16,4,5,5,68,5,2,18,12,6,65,48,17,12,12,5,15,10,5,8,2,14,8,0,7,25,4,16,5,4,17,5,83,14,8,12,3,6,41,59,55,1,4,8,20,13,11,7,5,15,62,9,2,10,33,16,7,12,87,16,7,83,11,50,13,5,10,10,1,2,49,7,12,18,30,16,55,6,11,3,3,18,3,16,10,7,4,19,5,6,11,17,35,15,19,9,43,16,41,13,55,3,5,16,7,5,14,5,10,1,11,13,4,22,3,47,47,21,3,46,23,11,9,42,1,6,7,11,17,37,11,16,10,5,25,16,6,4,5,17,8,15,6,18,9,31,6,26,15,22,3,26,12,9,29,66,15,9,66,5,7,46,6,5,5,12,6,5,7,4,26,31,1,8,20,59,3,42,7,3,13,13,4,21,34,13,1,24,4,7,5,4,30,2,14
"0. Not Blockbuster (<75M)",23,7,9,3,1,14,6,7,27,41,67,15,21,1,6,4,1,5,7,35,21,54,28,7,6,4,110,2,7,4,3,13,25,39,5,2,7,3,4,6,10,1,8,39,17,6,2,8,2,7,18,5,17,5,37,6,0,11,3,14,14,20,15,2,7,37,29,7,15,8,5,8,6,5,8,15,51,7,8,14,31,5,3,20,15,3,10,7,15,4,11,4,18,5,15,7,25,29,41,8,10,6,3,3,2,3,5,5,3,7,9,6,5,3,7,9,4,19,31,14,47,1,42,9,8,5,9,9,3,1,19,0,15,3,2,1,1,17,42,6,6,6,11,5,7,24,4,5,1,19,2,7,1,11,26,4,6,16,2,10,9,14,5,3,8,16,8,50,21,1,9,19,0,15,12,3,6,10,1,6,2,10,3,18,4,6,4,3,3,1,8,4,31,15,4,22,4,4,15,14,1,1,3,23,2,28,16,3,10,43,17,12,4,8,2,7,1
"0. Not Blockbuster (<75M)",26,7,28,4,7,29,9,17,30,28,90,31,21,3,8,10,4,13,6,44,29,18,37,24,7,6,98,6,5,22,11,8,50,33,6,7,15,4,10,8,12,5,19,34,59,5,11,18,5,10,6,2,28,14,44,15,11,9,11,15,20,23,17,7,1,43,39,5,25,15,3,15,41,3,19,12,16,22,18,26,30,8,6,37,19,71,16,10,14,6,17,5,44,5,33,18,52,18,86,7,15,15,6,29,4,1,7,6,22,9,35,15,14,4,21,13,12,23,17,18,54,11,76,11,19,13,26,11,17,9,11,2,23,3,5,16,5,19,45,2,11,9,22,7,3,56,7,71,5,15,15,32,19,16,26,11,24,20,4,13,17,15,14,25,14,24,7,24,28,8,5,15,9,37,8,12,13,21,9,11,28,10,10,22,2,2,29,8,7,3,14,10,56,19,3,11,17,29,7,23,6,5,18,8,21,28,24,4,16,22,15,8,4,14,19,9,22
"0. Not Blockbuster (<75M)",6,7,5,1,15,9,8,5,35,26,81,2,26,10,2,6,5,5,4,45,35,12,25,13,12,5,55,1,6,17,17,5,55,30,3,5,13,15,16,19,8,15,7,29,27,2,9,14,1,12,11,3,16,5,69,18,9,18,7,12,33,32,32,13,9,19,14,11,43,22,6,15,44,14,14,10,31,21,19,10,114,7,6,24,16,6,6,14,15,19,5,10,64,8,40,17,44,15,47,10,18,6,5,14,1,14,15,7,6,1,4,4,5,5,16,26,21,9,31,12,65,4,61,22,27,14,5,5,19,5,15,5,24,10,17,20,6,38,45,10,9,12,17,3,1,68,7,33,9,9,4,5,6,5,8,6,11,15,1,7,3,11,4,14,20,17,18,18,21,5,4,18,4,12,9,10,12,49,6,8,23,7,11,33,3,3,8,5,4,9,12,20,48,15,7,5,5,7,11,20,3,7,5,1,12,27,51,9,4,22,10,5,3,17,24,10,3
"0. Not Blockbuster (<75M)",17,2,5,4,1,20,6,7,46,26,103,22,33,4,9,3,17,2,6,38,23,11,29,23,5,7,9,2,5,16,12,10,46,59,6,5,8,8,14,8,2,5,1,40,35,10,9,2,8,3,5,1,25,2,22,19,3,5,8,40,9,16,18,6,3,43,22,9,18,10,2,9,31,2,9,12,43,1,12,1,63,16,6,48,11,25,1,10,4,5,1,3,51,4,7,12,32,12,76,6,9,12,2,18,1,9,5,7,25,13,1,17,7,7,6,8,10,21,23,10,42,26,52,8,17,8,6,8,4,11,1,0,22,7,10,4,9,32,70,7,8,5,17,6,3,28,6,19,4,18,10,27,8,24,10,4,24,0,6,11,8,25,4,11,4,34,12,2,15,13,22,12,6,39,3,1,10,8,7,7,7,9,9,11,2,1,8,5,8,3,8,8,24,17,3,2,8,16,4,17,6,4,8,3,10,26,8,14,2,5,15,18,1,9,4,2,3
"0. Not Blockbuster (<75M)",6,12,6,3,8,8,2,4,15,18,60,12,7,9,5,5,30,6,3,36,20,12,23,14,5,4,109,2,6,1,8,16,34,18,1,5,11,3,11,11,4,109,3,43,17,2,0,9,4,25,7,5,29,7,17,13,1,8,5,18,20,14,10,4,1,23,12,6,12,17,1,8,13,2,5,12,7,7,3,12,34,7,3,31,10,11,8,6,6,3,14,14,20,2,17,12,35,21,62,0,10,6,4,12,9,3,4,1,22,5,4,6,4,1,11,9,13,12,38,10,38,11,30,9,10,9,3,7,8,2,12,6,4,2,4,10,0,12,34,6,8,12,14,3,5,31,3,16,2,9,9,14,3,12,49,3,17,8,3,4,10,5,4,18,14,13,11,1,8,8,8,7,4,19,3,9,9,15,4,4,13,4,6,53,4,2,11,3,9,4,6,9,22,37,3,6,7,21,3,12,0,11,18,7,5,15,30,8,6,27,6,5,7,7,17,2,16
"0. Not Blockbuster (<75M)",20,4,10,8,2,22,3,2,23,33,72,6,18,9,3,2,11,8,10,46,17,39,18,14,4,11,108,8,8,4,15,1,21,13,2,7,11,1,9,1,8,2,8,46,39,8,2,12,2,16,10,8,20,8,21,7,4,1,9,11,9,13,16,1,2,17,23,14,33,20,5,5,20,19,9,24,4,2,10,2,28,13,2,23,13,21,1,10,2,0,9,17,39,4,9,15,44,37,79,11,19,10,7,40,2,3,0,1,7,13,11,6,6,3,2,7,17,26,29,7,36,9,56,9,32,10,5,12,8,5,3,5,9,3,1,5,2,15,9,7,15,2,11,11,13,31,8,24,0,19,3,14,7,16,13,4,18,1,2,18,10,15,6,8,9,31,7,7,13,5,6,12,5,21,10,5,6,10,5,3,5,5,18,13,1,2,4,4,8,4,8,6,14,29,1,2,3,14,13,7,2,15,15,7,50,14,9,2,8,16,7,4,4,3,5,3,8
"0. Not Blockbuster (<75M)",13,8,9,12,19,28,16,9,26,27,52,20,28,7,5,4,23,37,6,41,40,17,34,19,20,7,63,6,3,21,56,11,63,16,18,5,15,15,51,15,11,27,11,79,46,20,4,5,4,22,14,9,16,15,26,18,13,15,11,21,49,29,7,26,1,32,14,3,13,9,8,7,56,11,5,4,5,17,5,20,67,8,2,83,22,2,9,13,8,21,27,9,72,5,36,27,47,22,78,16,25,22,7,45,9,5,6,2,15,8,17,11,21,8,15,40,11,19,44,20,87,61,93,12,14,17,2,6,17,6,3,6,5,6,16,43,5,43,49,0,6,14,47,58,7,53,6,14,2,13,8,15,24,14,45,10,36,3,12,10,10,13,12,25,11,45,10,3,9,14,28,16,1,23,7,10,33,35,22,16,13,4,12,44,7,9,13,11,8,4,12,9,40,47,7,11,12,14,8,23,10,11,13,13,12,39,39,10,11,17,15,52,18,17,18,6,21
