"","DIS","CMCSA","TWX","SNE","FOXA","VIAB"
"2012-01-03",36.094647,22.617781,31.73999,18.379999,15.62166,41.443647
"2012-01-04",36.603417,22.830111,31.879773,18.219999,15.510988,41.434621
"2012-01-05",37.215831,23.03321,32.14187,17.700001,15.740838,42.400526
"2012-01-06",37.602122,22.793185,31.932188,17.440001,15.579093,42.833829
"2012-01-09",37.451375,23.273234,32.159348,17.469999,15.62166,42.066519
"2012-01-10",37.338315,23.448638,32.29913,17.700001,15.877056,42.364417
"2012-01-11",36.462094,23.467102,32.639856,17.690001,16.004746,42.680365
"2012-01-12",36.490358,23.540956,32.858266,17.26,16.081369,43.231022
"2012-01-13",36.179443,23.430174,32.561224,17.129999,15.842999,42.328307
"2012-01-17",36.254814,23.577884,32.596169,16.77,16.192039,42.933128
"2012-01-18",36.763589,23.744054,32.666062,17.120001,16.413378,43.384485
"2012-01-19",37.1593,23.882531,32.963111,17.25,16.796475,43.853898
"2012-01-20",37.03682,24.067165,32.849527,17.85,16.336764,42.996318
"2012-01-23",36.980288,23.937921,32.709745,18.530001,16.353783,43.104643
"2012-01-24",36.980288,23.873299,32.823321,17.950001,16.234605,43.330321
"2012-01-25",37.272363,24.113325,33.382465,18.66,15.987727,43.64627
"2012-01-26",37.074504,24.288727,33.172782,18.51,16.021774,43.339347
"2012-01-27",36.980288,24.307191,32.797112,18.42,16.072858,43.167832
"2012-01-30",36.735325,24.334887,32.701017,18.110001,16.251633,43.240051
"2012-01-31",36.650529,24.537984,32.377758,18.219999,16.030292,42.463716
"2012-02-01",37.055664,24.787242,32.928156,18.190001,16.362303,42.400526
"2012-02-02",36.659949,24.639534,32.482596,17.09,16.123933,42.147763
"2012-02-03",37.686918,25.064194,33.364987,19.209999,16.413378,43.655299
"2012-02-06",38.120316,25.008804,33.172782,19.440001,16.651747,43.980277
"2012-02-07",38.610247,25.008804,33.286359,19.68,16.600672,44.052493
"2012-02-08",38.883478,25.156512,33.295098,19.889999,16.702834,44.56704
"2012-02-09",39.128441,25.350377,32.945633,19.91,16.353783,44.576069
"2012-02-10",39.053069,25.09189,32.779634,19.530001,16.328247,44.431635
"2012-02-13",39.373408,25.304219,33.094154,19.48,16.52405,44.585095
"2012-02-14",39.194393,25.156512,33.05921,19.129999,16.302708,44.269146
"2012-02-15",38.864634,26.328944,32.74469,19.99,16.038802,43.754598
"2012-02-16",39.137865,26.448956,33.111632,20.5,16.183528,44.142766
"2012-02-17",39.33572,26.929007,32.936894,20.6,16.685804,43.953193
"2012-02-21",39.166129,26.836689,32.823321,20.66,16.634719,43.673354
"2012-02-22",38.883478,27.030557,32.395236,20.879999,16.430408,43.122697
"2012-02-23",39.081333,27.519838,32.596169,21.190001,16.72837,42.869938
"2012-02-24",38.921166,26.947471,32.928156,21.73,16.651747,42.833829
"2012-02-27",39.232081,26.947471,33.060122,21.690001,16.592153,42.337336
"2012-02-28",39.505312,27.113643,33.306448,22.26,16.864578,42.572041
"2012-02-29",39.561844,27.150569,32.734618,21.389999,16.915654,43.023398
"2012-03-01",39.938711,27.187497,32.954556,21.57,17.000787,44.079576
"2012-03-02",39.910447,26.993629,32.673043,21.370001,16.864578,43.763624
"2012-03-05",40.230785,26.864385,32.51469,20.73,16.592153,43.754598
"2012-03-06",39.571264,26.698214,32.118811,20.360001,16.268661,42.644259
"2012-03-07",39.33572,26.993629,32.189197,20.42,16.541078,42.815774
"2012-03-08",39.590108,27.344437,32.426713,20.42,16.694314,43.601135
"2012-03-09",39.797387,27.547534,32.303559,21.26,16.881607,43.140752
"2012-03-12",39.891603,27.335205,31.828505,20.85,16.637933,42.915073
"2012-03-13",41.46503,27.73217,32.127611,21.139999,17.065428,43.58661
"2012-03-14",40.965679,27.501376,31.652554,21.59,17.116724,43.087492
"2012-03-15",40.956259,27.510607,31.5294,21.75,17.262073,42.742646
"2012-03-16",40.692448,27.233655,31.590979,21.809999,17.108177,43.21454
"2012-03-19",40.927991,27.565998,31.617367,21.65,17.202222,43.97683
"2012-03-20",40.73956,27.482912,31.38864,21.379999,16.997031,43.259914
"2012-03-21",40.767824,27.427521,31.459015,20.719999,17.073975,42.769873
"2012-03-22",40.786668,27.593692,31.459015,20.549999,16.860227,42.361503
"2012-03-23",41.12585,27.68601,32.620263,20.32,16.920079,42.325203
"2012-03-26",41.813636,28.018354,32.70823,20.6,17.262073,42.715423
"2012-03-27",41.596937,27.852182,32.33875,20.77,17.31337,43.241767
"2012-03-28",40.993943,27.621388,31.925272,21.129999,16.877329,42.80617
"2012-03-29",40.522857,27.538302,32.673043,20.93,16.620832,42.960445
"2012-03-30",41.24833,27.704474,33.209671,20.77,16.85168,43.069342
"2012-04-02",41.304862,27.892902,33.068921,20.809999,17.031225,42.778947
"2012-04-03",40.786668,27.530898,32.980944,20.5,17.048326,42.624676
"2012-04-04",40.447485,27.215304,32.479499,19.719999,16.60374,42.107408
"2012-04-05",40.588812,27.438076,32.241973,20.01,16.663582,42.887844
"2012-04-09",39.674903,27.224587,31.696541,20.1,16.27029,42.425027
"2012-04-10",38.619671,26.593399,31.151113,18.24,15.953953,41.96221
"2012-04-11",38.977694,26.899711,31.423827,18.75,16.116394,42.107408
"2012-04-12",39.712591,27.549463,31.696541,18.73,16.543888,42.7245
"2012-04-13",39.429936,27.382384,31.397439,17.360001,16.372891,42.452251
"2012-04-16",39.250925,27.633003,31.415028,17.51,16.347243,42.107408
"2012-04-17",40.211942,27.930032,31.960466,17.5,16.578093,42.788024
"2012-04-18",40.03293,27.716542,31.863693,16.889999,16.475492,42.905994
"2012-04-19",39.646639,27.363819,31.942871,16.700001,16.150599,42.887844
"2012-04-20",39.901023,27.335974,32.197986,16.83,16.253198,42.905994
"2012-04-23",39.580684,26.955405,31.90768,16.51,16.227542,42.098331
"2012-04-24",39.740855,27.243152,32.039634,16.620001,16.441289,41.862386
"2012-04-25",40.230785,27.521616,32.70823,16.42,16.475492,42.588375
"2012-04-26",40.852619,28.069264,33.324037,16.5,16.766183,43.051192
"2012-04-27",40.843196,28.106393,33.491188,16.32,16.740534,42.987668
"2012-04-30",40.617076,28.171368,32.963356,16.209999,16.766183,42.098331
"2012-05-01",41.257754,28.403422,33.359224,15.99,16.920079,42.29798
"2012-05-02",41.022211,28.236343,32.805003,15.73,17.005576,43.042119
"2012-05-03",41.276598,28.18065,32.532289,15.52,16.85168,44.485024
"2012-05-04",40.447485,27.335974,31.978058,15.32,16.398539,43.786258
"2012-05-07",41.286018,27.503051,31.670153,15.31,16.586638,43.514013
"2012-05-08",41.738261,27.289562,31.397439,15.02,16.526787,42.624676
"2012-05-09",42.416626,27.076072,31.353449,15.23,16.569537,42.751723
"2012-05-10",42.66159,27.503051,31.555788,15.38,17.37322,43.459562
"2012-05-11",42.925401,27.270997,31.397439,14.18,17.287722,43.278064
"2012-05-14",42.55795,26.816171,31.291873,14.2,17.219324,43.314364
"2012-05-15",42.407203,26.779043,31.036748,13.91,17.039781,42.642826
"2012-05-16",42.473158,26.779043,31.027959,13.76,16.868784,42.878771
"2012-05-17",41.766528,26.314935,30.456129,14.24,16.637933,42.379654
"2012-05-18",41.276598,26.24996,30.148224,13.77,16.475492,41.635514
"2012-05-21",41.823056,26.649092,30.350563,14.13,16.672138,42.561152
"2012-05-22",41.823056,26.862583,30.39455,14,16.706331,42.543002
"2012-05-23",41.653465,26.723351,30.280188,13.83,16.398539,42.842471
"2012-05-24",41.870164,26.853301,30.420941,13.76,16.569537,43.922383
"2012-05-25",41.926696,26.779043,30.526514,13.3,16.612287,43.559386
"2012-05-29",42.850025,27.122483,31.262198,13.55,16.834579,44.348899
"2012-05-30",42.586218,26.871865,30.579688,13.03,16.586638,43.423262
"2012-05-31",43.066724,26.834736,30.553101,13.24,16.415641,43.314364
"2012-06-01",41.83248,26.574835,29.92378,12.65,15.859908,41.980357
"2012-06-04",41.8419,26.871865,30.242872,12.79,15.894102,41.51754
"2012-06-05",42.247035,26.946123,30.171965,13.2,15.911203,41.426793
"2012-06-06",42.897133,27.62372,30.898784,13.59,16.586638,42.352427
"2012-06-07",42.991352,27.855774,31.022875,13.31,16.492593,42.996745
"2012-06-08",43.566079,28.097111,31.226734,12.85,16.620832,43.23269
"2012-06-11",43.15152,27.790799,30.632873,12.76,16.364346,42.697273
"2012-06-12",43.697982,28.26419,31.315372,13.07,16.843135,43.396038
"2012-06-13",43.556655,27.827927,30.872193,12.76,16.731989,42.131899
"2012-06-14",44.45172,28.505525,31.40401,12.98,16.97993,42.688669
"2012-06-15",44.366924,28.858248,32.28151,13.18,17.159472,43.510129
"2012-06-18",44.376344,28.923223,32.928564,13.43,17.176576,43.318455
"2012-06-19",44.762635,29.062455,33.088111,13.56,17.304823,43.701806
"2012-06-20",44.969914,28.95107,32.910835,13.97,17.510014,44.176429
"2012-06-21",44.658999,28.477679,33.034926,13.55,17.236427,43.309329
"2012-06-22",44.724951,28.616911,33.229927,14.31,17.407424,43.208928
"2012-06-25",43.999477,28.152803,32.45879,13.96,17.176576,42.250556
"2012-06-26",44.56478,28.384857,32.928564,13.84,18.604389,42.141025
"2012-06-27",45.101818,28.811838,33.68198,13.81,19.074634,42.843832
"2012-06-28",45.05471,28.811838,33.566744,13.72,18.801044,42.542631
"2012-06-29",45.695388,29.831732,34.125159,14.24,19.05753,42.916853
"2012-07-02",45.902667,30.102335,34.346747,14.2,19.536322,43.61966
"2012-07-03",45.780184,29.887718,34.426523,14.27,19.43373,44.358974
"2012-07-05",45.327941,29.346513,33.939024,13.78,19.18578,43.58315
"2012-07-06",45.261989,29.262532,34.204931,13.64,18.920738,43.501003
"2012-07-09",45.224301,29.178551,33.779476,13.45,18.741193,43.455367
"2012-07-10",44.621311,29.253201,33.44266,13.1,18.689887,42.770815
"2012-07-11",44.536516,29.607784,33.77061,12.87,18.544547,42.652158
"2012-07-12",44.668419,29.019922,33.424928,12.5,18.433401,42.241426
"2012-07-13",45.403313,29.738422,33.850383,12.66,18.76684,43.181547
"2012-07-16",45.092398,29.701096,33.788342,12.6,18.681342,42.889472
"2012-07-17",46.496233,30.167656,34.329026,12.3,19.05753,42.862087
"2012-07-18",46.496233,30.223641,34.497429,12.34,19.125929,43.464493
"2012-07-19",46.157054,30.214311,34.69244,12.57,19.151586,42.579141
"2012-07-20",45.780184,30.027687,34.444254,12.08,18.801044,42.360083
"2012-07-23",45.205457,29.271863,33.229927,11.7,18.655694,41.620766
"2012-07-24",45.375049,29.299856,33.57561,11.65,18.595842,41.32869
"2012-07-25",45.506953,29.262532,34.169478,11.26,18.877988,41.32869
"2012-07-26",46.835416,29.495811,33.992198,11.9,19.314027,42.022372
"2012-07-27",47.052116,30.130331,34.550614,12.35,19.989463,42.688669
"2012-07-30",46.920212,30.05568,34.196076,12.02,19.895418,42.624777
"2012-07-31",46.298378,30.372939,34.674708,12.15,19.681671,42.633903
"2012-08-01",45.996883,31.306056,35.100163,12.14,19.673125,42.19579
"2012-08-02",46.14763,31.837932,36.04858,11.24,19.784272,41.830698
"2012-08-03",46.891948,32.29516,36.677901,11.64,20.066415,43.081145
"2012-08-06",46.778888,32.603087,36.881768,11.51,20.177563,44.550651
"2012-08-07",46.929636,32.239172,37.174265,11.67,20.399856,44.806216
"2012-08-08",47.570314,32.201847,37.502227,11.71,20.280153,44.815342
"2012-08-09",47.070959,32.239172,37.714949,11.98,20.237403,45.445132
"2012-08-10",46.778888,32.407133,38.025178,12.34,19.99801,45.125672
"2012-08-13",46.976744,32.239172,37.821312,12.21,19.895418,45.0344
"2012-08-14",46.816572,32.061881,37.590854,11.71,19.921066,44.979635
"2012-08-15",47.005008,31.90325,37.839043,11.39,20.006564,45.30822
"2012-08-16",47.34419,31.856595,37.688362,11.84,20.100611,45.58204
"2012-08-17",47.542046,31.744622,37.768134,11.95,19.886863,46.567797
"2012-08-20",47.532626,31.632649,37.883362,12,19.715864,46.567797
"2012-08-21",46.769464,31.763284,37.378132,11.95,19.946715,46.202701
"2012-08-22",46.788308,31.697966,37.395853,11.79,20.117712,46.184446
"2012-08-23",46.326642,31.679304,37.050171,11.61,19.929611,45.791969
"2012-08-24",46.694092,31.679304,37.307226,11.71,19.929611,46.193575
"2012-08-27",46.760044,31.697966,37.103359,11.64,19.989463,45.892371
"2012-08-28",46.760044,31.679304,36.810851,11.49,19.903965,45.874116
"2012-08-29",47.146335,31.679304,37.328188,11.73,19.99801,45.93801
"2012-08-30",46.562185,31.380707,36.99816,11.43,19.775715,45.55466
"2012-08-31",46.609297,31.287393,37.060602,11.31,19.99801,45.645932
"2012-09-04",46.788308,31.287393,36.882205,11.3,20.117712,45.052655
"2012-09-05",47.852965,31.455354,37.684966,11.07,20.305811,44.705815
"2012-09-06",48.861089,32.332486,38.550162,11.22,20.947043,45.481642
"2012-09-07",48.74803,32.155192,38.924777,11.64,20.921395,46.42176
"2012-09-10",48.540751,31.884587,38.416363,11.75,20.71977,46.330484
"2012-09-11",48.578438,31.977901,38.389609,11.93,20.891364,46.467396
"2012-09-12",48.710342,32.276498,38.416363,12.04,20.71977,46.627993
"2012-09-13",49.558295,32.892354,39.54023,12.5,20.89994,47.958645
"2012-09-14",49.322752,32.939009,39.879168,13.05,21.165916,47.839347
"2012-09-17",49.13432,32.715064,40.021878,13.11,21.105856,48.151363
"2012-09-18",48.898777,32.519106,40.021878,13.21,21.002899,47.490623
"2012-09-19",49.652515,33.013661,40.592733,13.29,21.346086,49.14247
"2012-09-20",49.614827,33.545537,40.842482,12.87,21.466196,49.904157
"2012-09-21",49.690203,33.797478,40.940593,12.7,21.414723,49.839919
"2012-09-24",49.859791,33.993432,40.869237,12.36,21.294612,50.665841
"2012-09-25",49.501767,33.461556,40.128918,12.05,20.977161,49.995925
"2012-09-26",48.936461,32.771048,39.816737,11.85,20.882789,49.023169
"2012-09-27",49.539455,33.396238,40.476778,12.12,21.148755,49.693088
"2012-09-28",49.2568,33.349583,40.441101,11.7,21.028635,49.179179
"2012-10-01",49.058945,33.164917,40.583811,11.84,21.062959,49.206708
"2012-10-02",48.65381,33.596116,40.405425,11.85,21.140171,49.619671
"2012-10-03",49.435816,33.933578,40.851393,11.89,21.243127,49.839919
"2012-10-04",49.586563,34.214795,40.878158,11.74,21.483357,51.069628
"2012-10-05",49.906902,34.252291,41.190342,12,21.612052,51.308227
"2012-10-08",49.303912,33.94295,41.475761,11.91,21.560578,51.978142
"2012-10-09",48.531327,33.108672,40.637331,11.51,21.123019,51.592713
"2012-10-10",48.248676,32.95869,40.441101,11.37,20.882789,50.124401
"2012-10-11",47.428986,32.930569,40.146754,11.44,20.771255,49.83074
"2012-10-12",47.664529,33.539872,40.191352,11.36,20.685457,49.858273
"2012-10-15",47.852965,34.149178,40.111074,11.69,20.89994,49.931687
"2012-10-16",48.276943,34.37415,40.396503,12,21.251713,50.564894
"2012-10-17",49.266224,34.795977,40.72652,12.23,21.620629,50.794317
"2012-10-18",49.388704,34.955335,40.922756,12.35,21.809383,50.996211
"2012-10-19",48.898777,34.636622,40.075398,12.15,21.371824,50.170285
"2012-10-22",48.795138,34.711611,40.128918,12.35,21.217391,50.702549
"2012-10-23",47.824697,34.149178,39.263726,12.09,20.676871,49.280125
"2012-10-24",47.721061,34.139802,39.254804,12.02,20.96,49.390248
"2012-10-25",47.353611,34.083561,38.880189,11.9,20.668296,49.059878
"2012-10-26",47.184023,35.208431,38.924777,11.85,20.410905,48.206423
"2012-10-31",46.279534,35.180307,38.773145,11.74,20.531025,47.068485
"2012-11-01",46.901368,35.199055,39.067496,11.82,20.814154,47.508977
"2012-11-02",46.976744,35.2553,38.675038,11.33,20.496703,46.765645
"2012-11-05",47.410142,35.086569,38.389609,11.25,20.522439,46.517867
"2012-11-06",47.55147,34.842845,38.452043,11.18,20.831304,46.444453
"2012-11-07",47.184023,34.289788,40.057554,11.18,21.165916,46.132437
"2012-11-08",47.146335,33.933578,39.361833,10.9,20.89994,45.361575
"2012-11-09",44.33866,33.858585,39.843492,10.86,20.951423,45.113797
"2012-11-12",44.706107,33.905454,39.825659,10.65,20.83989,45.058735
"2012-11-13",45.186614,33.849213,39.789972,10.77,20.711195,44.801782
"2012-11-14",44.442296,33.183665,39.335079,9.82,20.196413,44.040098
"2012-11-15",44.724951,32.939942,39.281559,9.81,19.836074,45.178036
"2012-11-16",44.677839,33.230534,39.870247,10.12,19.981921,45.389105
"2012-11-19",45.139506,33.755471,40.387582,10.19,20.565338,46.251739
"2012-11-20",45.638856,34.27104,40.699762,9.99,20.599662,45.85713
"2012-11-21",45.864979,34.205422,40.111074,10.08,20.436643,45.618528
"2012-11-23",46.411438,34.599125,41.163577,10.02,20.848467,46.325152
"2012-11-26",46.194738,34.336657,41.493604,9.9,20.702609,46.003961
"2012-11-27",45.789604,34.017943,41.564957,9.74,20.531025,46.233384
"2012-11-28",46.35491,34.364777,42.147977,9.79,20.908526,46.74729
"2012-11-29",46.84484,34.552256,42.192825,9.9,21.208815,47.160253
"2012-11-30",46.788308,34.87097,42.426032,9.74,21.140171,47.362146
"2012-12-03",46.439705,34.758484,41.977551,9.69,21.045796,46.839062
"2012-12-04",46.449125,34.87097,41.887861,9.63,21.028635,47.068485
"2012-12-05",46.722356,34.571005,41.304842,9.7,20.805568,47.160253
"2012-12-06",46.932818,34.814725,41.77126,10.01,21.105856,48.188068
"2012-12-07",47.105014,34.711611,41.986523,10.12,21.3375,49.14247
"2012-12-10",47.16241,34.917839,41.82508,9.98,21.328925,49.757326
"2012-12-11",47.334606,35.058449,42.27355,9.89,21.388985,50.050988
"2012-12-12",47.487668,35.077193,42.390155,10.23,21.268865,49.954143
"2012-12-13",46.98065,34.627246,41.87889,10.73,21.157332,49.207043
"2012-12-14",46.559725,34.252291,41.950646,10.96,20.968586,48.884224
"2012-12-17",47.143277,35.189683,43.00009,11,21.500518,49.234716
"2012-12-18",48.042522,35.667751,43.188448,11.12,21.869443,49.622098
"2012-12-19",47.77466,35.630255,42.730996,10.97,21.646376,49.271607
"2012-12-20",48.721736,35.705248,43.28711,11.13,21.809383,49.336174
"2012-12-21",47.83206,34.89909,42.668214,10.93,21.406146,48.967235
"2012-12-24",47.717264,35.020952,42.560581,10.91,21.57773,49.031799
"2012-12-26",47.688562,34.964707,42.587486,11.11,21.371824,48.598296
"2012-12-27",47.382437,34.674118,42.533665,11.04,21.354663,48.524511
"2012-12-28",47.018916,34.403894,42.094163,11.01,21.114433,47.924986
"2012-12-31",47.631166,35.175957,42.901421,11.2,21.886604,48.644416
"2013-01-02",48.884364,36.268144,44.632545,11.51,22.830362,51.660477
"2013-01-03",48.989595,35.863282,44.650489,11.49,22.530072,52.066311
"2013-01-04",49.927103,35.84445,44.282733,11.14,22.735978,53.043993
"2013-01-07",48.760003,35.68439,44.058498,10.97,22.478598,51.918736
"2013-01-08",48.559106,35.929189,44.982364,10.72,22.418538,52.610494
"2013-01-09",48.578239,36.173988,44.51594,10.74,22.641605,53.311474
"2013-01-10",48.587807,36.249313,44.677393,11.05,23.139227,53.957115
"2013-01-11",48.386914,36.211651,44.498007,11.09,23.104903,53.293027
"2013-01-14",48.396478,36.644758,44.219951,11.28,22.993369,53.274579
"2013-01-15",48.874799,36.908392,44.06747,11.23,23.199286,53.329921
"2013-01-16",49.29572,36.889561,44.103346,11.2,23.156388,52.730396
"2013-01-17",50.137565,37.614548,44.309648,11.91,23.568202,53.117782
"2013-01-18",50.0706,37.91584,44.785027,12.7,23.388032,53.385263
"2013-01-22",50.44369,37.482733,45.143818,13.35,23.31082,54.353723
"2013-01-23",51.610793,37.661624,45.58332,13.25,23.516726,54.418287
"2013-01-24",51.610793,37.266179,45.565387,13.52,23.216438,54.012457
"2013-01-25",52.022149,37.435653,45.206603,14.41,23.345133,54.436734
"2013-01-28",52.003016,37.256761,44.928544,15.12,23.645423,54.169254
"2013-01-29",51.64906,36.823653,44.901639,15.14,23.834177,54.196923
"2013-01-30",51.457731,36.748328,44.973392,14.99,23.937127,54.722662
"2013-01-31",51.543829,35.853868,45.314233,14.94,23.799855,55.66345
"2013-02-01",52.223043,36.343466,45.63714,15.13,24.160203,55.838698
"2013-02-04",51.562962,35.957434,45.242479,15.48,23.980024,54.55664
"2013-02-05",51.936051,36.946055,44.811942,15.83,24.323212,54.741106
"2013-02-06",52.156079,36.465867,46.650696,15.82,24.211679,54.602757
"2013-02-07",52.003016,36.362297,46.964632,15.13,23.645423,54.316829
"2013-02-08",52.290008,36.484698,47.15299,14.92,24.417585,54.676542
"2013-02-11",52.376106,36.381128,46.75834,14.99,24.288888,54.704215
"2013-02-12",52.567435,36.691838,47.090209,14.68,24.314636,54.528967
"2013-02-13",52.576999,37.784025,47.40414,14.21,24.297475,54.925576
"2013-02-14",52.50047,37.981748,48.103765,14.23,24.443321,55.294515
"2013-02-15",53.198818,38.829136,48.005103,14.34,24.795096,54.842564
"2013-02-19",53.313613,39.026859,48.247285,14.65,25.02674,55.488206
"2013-02-20",52.232608,38.556088,47.744981,14.47,24.6235,54.233818
"2013-02-21",51.821252,37.736949,47.188877,14.08,24.237415,53.551285
"2013-02-22",51.897785,37.576885,47.529718,14.07,24.511967,54.436734
"2013-02-25",51.266402,37.106115,46.318828,13.79,24.022922,52.859527
"2013-02-26",51.562962,37.369745,47.154953,14.04,24.280313,52.831855
"2013-02-27",52.117812,37.802856,48.083983,14.34,24.717873,53.366816
"2013-02-28",52.223043,37.463901,47.957707,14.58,24.717873,53.957115
"2013-03-01",52.930959,37.689869,48.363585,15.23,25.001002,55.008587
"2013-03-04",53.380578,38.01941,48.850653,15.57,25.301292,54.925576
"2013-03-05",54.031094,38.556088,49.653407,15.51,25.901859,55.977047
"2013-03-06",53.916298,38.461932,50.023215,15.84,25.627318,55.654228
"2013-03-07",53.878032,38.245378,51.213817,15.56,25.695953,56.124622
"2013-03-08",54.901638,38.603165,51.827149,15.59,26.227887,57.102308
"2013-03-11",55.159931,38.725566,51.64676,15.96,26.404263,57.046966
"2013-03-12",54.633779,38.339534,50.889105,15.55,26.214982,57.139202
"2013-03-13",54.853806,38.217133,51.078516,15.73,26.206383,57.764558
"2013-03-14",55.246029,38.753811,51.70087,16.030001,26.369845,59.172773
"2013-03-15",55.083402,38.330117,51.09656,17.26,26.120346,58.49646
"2013-03-18",54.365921,38.009993,50.708716,16.809999,25.948274,57.922058
"2013-03-19",53.868467,37.784025,50.041251,17.17,25.492284,56.902954
"2013-03-20",54.471148,38.584333,50.834984,17.709999,25.853639,57.264275
"2013-03-21",53.868467,38.038242,50.609496,17.309999,25.690166,56.736195
"2013-03-22",54.318086,38.810305,51.222839,17.68,26.060119,57.384711
"2013-03-25",53.772801,39.281075,50.99734,17.77,26.008502,56.801046
"2013-03-26",54.174592,39.04569,51.33107,17.49,26.094537,56.828839
"2013-03-27",54.02153,39.30932,51.078516,17.639999,26.008502,56.847368
"2013-03-28",54.337219,39.525874,51.971472,17.4,26.2494,56.958542
"2013-04-01",54.231988,39.142772,51.971472,16.6,26.103137,57.180893
"2013-04-02",54.968602,40.01303,51.935391,17,26.69678,57.171627
"2013-04-03",54.767709,39.558982,52.404415,16.43,26.447281,57.56074
"2013-04-04",55.092967,39.842762,52.557749,17,26.163365,58.329697
"2013-04-05",55.198198,39.313041,52.205982,16.690001,26.361246,58.413079
"2013-04-08",56.269635,39.379256,52.629904,17.02,27.023717,60.673631
"2013-04-09",56.57576,39.048176,53.035792,16.790001,26.817235,59.849085
"2013-04-10",57.503703,39.369794,53.721293,16.93,26.851643,60.868186
"2013-04-11",57.924624,39.549524,53.81148,16.9,27.169979,61.285096
"2013-04-12",57.924624,39.72925,53.631091,16.67,27.135562,61.609354
"2013-04-15",56.327035,38.925208,52.738146,16.48,26.154755,59.311739
"2013-04-16",58.115953,39.171149,53.874627,16.559999,26.954889,61.322155
"2013-04-17",58.048988,38.42386,53.685212,16.41,26.688181,60.738483
"2013-04-18",57.388907,37.827924,52.738146,16.18,26.189172,60.265995
"2013-04-19",58.890833,38.367106,53.89266,16.65,26.851643,61.312888
"2013-04-22",59.321319,38.281972,54.289526,16.52,27.221597,61.62788
"2013-04-23",59.876173,38.688724,54.478948,16.67,27.221597,60.729223
"2013-04-24",59.254354,38.471156,53.748348,16.49,26.774218,60.219669
"2013-04-25",59.311754,38.546832,53.567948,17.200001,26.843044,59.747175
"2013-04-26",59.18739,39.133311,53.820502,16.48,26.800026,58.941158
"2013-04-29",60.268395,39.246825,54.235412,16.559999,26.662372,58.968955
"2013-04-30",60.115333,39.067096,53.919726,16.43,26.645163,59.28395
"2013-05-01",60.469289,39.59682,53.649128,16.25,26.782817,61.053482
"2013-05-02",61.110241,39.833304,53.89266,16.790001,27.428079,62.554336
"2013-05-03",61.990352,40.240056,54.506003,17.16,27.505515,62.322722
"2013-05-06",62.239074,40.467078,54.695414,17.129999,27.539933,62.489485
"2013-05-07",63.205284,40.722481,55.489147,17.700001,27.694796,62.748899
"2013-05-08",63.128751,40.940045,55.13738,17.940001,27.410879,63.536385
"2013-05-09",63.779267,40.637347,55.110314,18.08,28.641185,63.573444
"2013-05-10",64.286286,40.750861,54.966002,17.92,28.623974,63.925495
"2013-05-13",64.401085,40.854911,54.938947,18.889999,28.658394,63.527119
"2013-05-14",64.544583,40.987345,55.263659,20.76,28.804647,63.647555
"2013-05-15",64.735908,41.365717,55.13738,20.450001,28.718612,64.499901
"2013-05-16",63.587942,40.552212,54.767569,20.1,28.271231,63.712407
"2013-05-17",63.693173,40.334648,54.758547,20.34,28.580957,64.592545
"2013-05-20",63.253119,39.275202,54.181291,20.969999,28.434693,63.934762
"2013-05-21",62.975692,39.946815,54.54208,22.91,28.572357,64.462842
"2013-05-22",62.726963,39.521144,54.082071,22.15,28.580957,64.444308
"2013-05-23",62.401709,39.558982,54.262471,21.629999,28.27983,64.008873
"2013-05-24",62.65043,39.681954,53.468735,20.959999,28.469111,63.888436
"2013-05-28",63.798404,39.558982,54.379724,20.67,28.598166,64.25902
"2013-05-29",63.387048,38.584671,53.651986,20.1,28.219612,63.397415
"2013-05-30",61.846855,38.73602,53.996371,20.84,27.892677,62.952713
"2013-05-31",60.344928,37.998189,52.899772,20.15,27.62596,61.044215
"2013-06-03",61.033708,38.27251,53.108209,19.540001,27.944295,62.007731
"2013-06-04",61.55986,38.707639,52.872577,19.82,27.935696,62.109641
"2013-06-05",60.383191,38.017108,51.567531,19,27.126961,61.340681
"2013-06-06",60.402325,38.064407,52.093178,18.959999,27.376461,61.442592
"2013-06-07",62.03818,38.953584,53.262287,19.559999,27.677587,62.82301
"2013-06-10",61.062409,38.471156,52.29256,20.110001,27.488306,62.57287
"2013-06-11",61.033708,37.988731,51.558465,20.299999,27.247406,62.091108
"2013-06-12",60.258831,37.383333,50.896885,20.280001,26.619355,60.732404
"2013-06-13",61.512032,37.600898,52.482877,21.030001,27.256016,62.305151
"2013-06-14",61.033708,37.59144,52.084113,19.879999,26.920471,62.137639
"2013-06-17",61.693789,37.913058,52.510062,20.719999,26.91187,62.612258
"2013-06-18",62.459105,38.206295,53.37104,21.4,27.15277,62.910057
"2013-06-19",61.54073,38.036027,52.437563,20.49,27.729204,62.230706
"2013-06-20",59.292621,36.806313,51.041887,20.040001,26.91187,60.723096
"2013-06-21",60.010102,37.619817,51.485966,20.379999,27.032316,61.16049
"2013-06-24",59.732675,37.629275,51.005634,19.940001,26.791416,60.676562
"2013-06-25",59.857039,37.998189,51.359083,20.4,27.066733,61.067429
"2013-06-26",60.469289,38.017108,52.011613,20.84,27.660378,62.463362
"2013-06-27",60.957178,38.121161,52.401313,21.200001,28.124967,62.965899
"2013-06-28",60.411893,39.492767,52.401313,21.190001,28.030331,63.310224
"2013-07-01",61.158072,38.642183,52.836327,21.469999,28.633267,63.086877
"2013-07-02",60.517121,38.727717,53.941998,21.809999,28.448221,62.854222
"2013-07-03",60.851947,39.107867,54.44045,21.65,28.876747,63.691783
"2013-07-05",61.052841,39.630572,55.654874,21.76,29.597448,64.50142
"2013-07-08",61.904251,40.305336,55.21986,21.610001,29.577971,64.976039
"2013-07-09",62.124282,40.552432,55.537049,21.780001,29.305272,64.287381
"2013-07-10",62.095584,40.780523,55.292363,21.77,29.237098,65.283146
"2013-07-11",63.693173,42.253601,55.890509,22.200001,29.159185,65.915969
"2013-07-12",64.075831,42.462684,55.917694,22.190001,29.402665,67.014104
"2013-07-15",63.071354,41.958988,55.663932,22.24,29.217619,67.302594
"2013-07-16",62.210376,41.806928,55.546114,21.959999,29.431881,66.94896
"2013-07-17",62.526069,41.692881,55.854256,22.1,29.373446,67.628311
"2013-07-18",62.966123,42.139557,56.416146,22.139999,30.211019,68.940491
"2013-07-19",62.334744,42.358143,55.981128,22.110001,29.879886,69.201064
"2013-07-22",61.607695,42.700278,56.388958,22.59,30.064931,68.233217
"2013-07-23",61.655522,42.899855,56.950855,23.01,30.055192,68.605467
"2013-07-24",61.837286,42.728788,56.461461,22.809999,29.685101,67.572476
"2013-07-25",61.751192,41.977992,56.833041,22.110001,29.597448,67.814439
"2013-07-26",62.162548,41.559829,57.113987,21.58,29.636405,67.972643
"2013-07-29",61.808588,41.246207,56.642723,21.24,29.129966,67.265369
"2013-07-30",61.397232,40.590448,56.253021,21.629999,28.652745,67.135082
"2013-07-31",61.846855,42.842835,56.425211,21.040001,29.100748,67.721371
"2013-08-01",62.526069,43.565117,57.150237,21.959999,29.821451,69.201064
"2013-08-02",63.626208,43.451074,58.264966,21.620001,30.707719,73.677355
"2013-08-05",63.157449,43.36554,58.428099,21.76,30.542152,73.286495
"2013-08-06",64.142795,42.757301,58.074649,20.719999,30.415541,73.379556
"2013-08-07",63.052225,42.937871,57.857136,20.129999,30.980415,73.919318
"2013-08-08",62.899159,42.70978,57.947766,20.200001,31.934859,74.542834
"2013-08-09",61.923388,42.405661,57.458383,20.15,31.91538,74.589368
"2013-08-12",61.158072,42.55772,57.394938,20,31.808248,74.068214
"2013-08-13",61.205903,42.624246,57.18649,20.129999,31.6719,74.207809
"2013-08-14",61.18677,41.683378,56.479591,20.08,31.42842,74.040297
"2013-08-15",59.675279,40.875559,55.473615,19.860001,31.009633,72.746733
"2013-08-16",59.474381,40.428886,55.156415,19.98,31.136242,73.063148
"2013-08-19",59.149127,40.096253,55.147349,19.92,30.620066,72.29073
"2013-08-20",59.196958,40.57144,56.080826,19.950001,31.058329,72.811876
"2013-08-21",58.489042,39.754122,55.518929,19.66,30.629805,72.523385
"2013-08-22",58.967363,39.934691,56.524906,19.709999,31.243376,74.068214
"2013-08-23",59.053461,39.782632,56.515841,20.209999,31.350504,73.919318
"2013-08-26",58.689936,39.383473,56.271144,20.1,31.243376,73.99377
"2013-08-27",58.058553,39.725608,55.745496,20.379999,30.775893,72.886327
"2013-08-28",58.173353,39.839652,55.524237,20.16,30.746674,73.900709
"2013-08-29",58.431646,40.333846,55.542453,20.18,30.600587,73.900709
"2013-08-30",58.192486,40.001217,55.114496,19.959999,30.512934,74.040297
"2013-09-03",58.288148,40.618961,55.870244,20.41,30.883023,74.36602
"2013-09-04",58.460344,40.92308,56.443882,20.809999,31.116765,74.542834
"2013-09-05",58.642105,40.428886,56.070561,21.09,31.116765,74.36602
"2013-09-06",58.728203,40.371862,55.952194,21.02,31.262851,74.719654
"2013-09-09",58.919531,40.200795,56.671511,21.610001,31.414402,74.812715
"2013-09-10",60.105768,40.713997,57.308885,21.719999,31.502398,75.147739
"2013-09-11",61.167637,41.626355,57.654884,21.42,31.74683,76.642289
"2013-09-12",62.65043,41.331741,57.181407,21.16,31.590393,77.109336
"2013-09-13",63.798404,41.78792,56.962886,21.18,31.903266,76.847784
"2013-09-16",64.037564,42.215585,57.108568,21.459999,31.873932,77.296151
"2013-09-17",64.075831,42.244099,57.272462,21.66,31.864156,77.660447
"2013-09-18",64.200191,42.073031,57.673096,21.879999,32.001037,77.71649
"2013-09-19",62.870461,42.206083,58.638261,21.629999,32.079257,77.71649
"2013-09-20",62.191246,42.196581,58.547206,21.360001,32.2748,77.660447
"2013-09-23",61.942518,41.759406,57.782358,21.290001,32.010817,77.884627
"2013-09-24",61.531162,41.521813,57.682196,21.370001,31.825046,77.473631
"2013-09-25",61.655522,41.10365,58.246734,21.110001,31.942372,77.445609
"2013-09-26",62.41127,41.911466,59.06621,21.299999,32.284579,78.286287
"2013-09-27",62.363442,42.519708,60.277208,21.290001,32.519232,78.856084
"2013-09-30",61.693789,43.068562,59.922102,21.52,32.763664,78.07145
"2013-10-01",62.019051,43.536285,60.714272,21.4,33.223197,78.772019
"2013-10-02",62.066878,43.38356,60.422901,21.200001,32.95921,77.37088
"2013-10-03",61.244166,42.963563,59.448639,20.91,32.411685,76.735697
"2013-10-04",62.468673,43.56492,60.513956,20.870001,32.900549,77.71649
"2013-10-07",61.789451,43.049471,59.82195,20.27,32.35302,76.91317
"2013-10-08",61.225037,42.591295,59.202784,19.610001,31.717495,75.278508
"2013-10-09",60.832814,42.314483,58.82947,19.75,31.482843,74.886191
"2013-10-10",62.736531,43.288104,61.297008,19.57,32.137919,75.708197
"2013-10-11",63.339213,43.965826,61.843327,19.959999,32.489901,76.595582
"2013-10-14",63.932333,44.347637,61.952597,19.93,32.939655,77.380216
"2013-10-15",63.559243,44.28082,61.433593,19.700001,32.675668,77.109336
"2013-10-16",63.473142,44.843995,61.916174,19.76,33.184087,77.034606
"2013-10-17",63.540107,45.311719,61.87065,20.030001,33.555625,77.641768
"2013-10-18",64.238458,44.901269,62.580871,19.610001,33.49696,78.127493
"2013-10-21",64.678512,44.948995,62.744764,19.68,33.633845,78.332994
"2013-10-22",66.008243,45.206719,63.491401,19.790001,34.093375,79.070928
"2013-10-23",65.166401,44.824904,63.591556,19.48,33.995603,78.809384
"2013-10-24",66.056078,45.588531,64.019498,19.139999,34.396472,78.828062
"2013-10-25",66.256971,45.979889,63.973981,19.26,34.083599,79.341816
"2013-10-28",66.008243,46.037163,63.882927,19.51,34.054268,78.958835
"2013-10-29",65.93171,45.540805,63.80098,19.48,34.044489,79.126972
"2013-10-30",65.501224,44.948995,62.407862,19.42,33.184087,77.987378
"2013-10-31",65.616016,45.435805,62.589964,17.25,33.320972,77.800562
"2013-11-01",66.017811,46.438069,62.653703,16.75,33.604511,78.043428
"2013-11-04",65.826478,45.989437,62.526225,17.08,33.389413,77.595061
"2013-11-05",65.864745,45.664895,62.125598,16.85,33.330748,78.603882
"2013-11-06",66.008243,45.63626,61.63391,17.07,33.164532,78.267608
"2013-11-07",64.238458,45.092176,59.530575,16.860001,32.069478,75.577425
"2013-11-08",65.606455,45.989437,61.597487,16.74,33.086316,76.86647
"2013-11-11",65.376856,45.197172,61.460909,16.610001,32.714778,76.931856
"2013-11-12",64.831571,44.843995,60.814427,17.23,32.431236,76.707676
"2013-11-13",65.979545,45.235354,61.63391,17.940001,32.939655,77.651104
"2013-11-14",66.984013,45.521714,62.280392,18.65,33.369858,75.474674
"2013-11-15",66.964884,45.559896,61.588379,18.5,33.428519,75.203786
"2013-11-18",66.486563,45.22581,60.869066,18.719999,32.99832,74.297715
"2013-11-19",66.123042,45.302171,60.350058,18.700001,32.519232,74.38178
"2013-11-20",66.228273,44.719905,59.840166,18.530001,32.382351,74.839491
"2013-11-21",66.907488,45.292627,60.960106,18.65,32.519232,74.876855
"2013-11-22",67.156209,47.268512,60.996536,18.299999,32.656117,74.38178
"2013-11-25",66.716155,47.64078,60.668745,18.17,32.460571,74.344416
"2013-11-26",68.093721,47.516689,60.117319,18.16,32.460571,74.026828
"2013-11-27",67.701494,47.516689,60.025871,18.530001,32.753888,74.587282
"2013-11-29",67.481471,47.602597,60.089889,18.299999,32.744113,74.886191
"2013-12-02",67.835431,46.886697,59.998437,18.6,32.783219,75.493352
"2013-12-03",66.869221,46.552612,59.861265,18.41,32.480126,75.848305
"2013-12-04",66.936186,46.657611,59.842978,17.889999,32.177029,76.156557
"2013-12-05",67.184914,46.848518,59.980143,17.790001,32.010817,76.240629
"2013-12-06",68.361579,47.029879,60.876329,18.1,32.401906,76.782398
"2013-12-09",68.026756,46.905788,59.888706,17.969999,32.362796,76.754376
"2013-12-10",68.46681,47.144422,60.912906,17.620001,32.421461,77.165379
"2013-12-11",67.462334,46.447612,60.739164,17.440001,31.961927,75.965382
"2013-12-12",67.433284,46.457156,60.190474,17.67,31.932597,75.674761
"2013-12-13",67.423604,46.781698,59.943577,17.51,32.196584,76.124755
"2013-12-16",68.285526,47.001244,60.647715,17.5,32.108588,76.912256
"2013-12-17",68.430795,46.81988,60.172191,17.25,32.128143,77.099753
"2013-12-18",69.922204,47.984412,61.818239,17.549999,32.714778,78.327879
"2013-12-19",70.667916,48.471223,62.092577,17.48,33.213422,78.862252
"2013-12-20",70.115899,48.623948,62.494944,17.559999,33.53607,78.899753
"2013-12-23",70.968133,48.671678,62.81501,17.76,33.819612,80.127871
"2013-12-24",71.520151,48.94849,63.464288,17.450001,34.015158,80.249743
"2013-12-26",72.265862,49.168032,64.012963,17.309999,34.200925,80.474741
"2013-12-27",72.004376,49.435304,63.683765,17.09,34.18137,80.671621
"2013-12-30",73.82507,49.69879,63.711192,17.459999,34.240035,81.702867
"2013-12-31",73.989705,49.794606,63.75692,17.290001,34.386692,81.880986
"2014-01-02",73.863802,49.296372,62.851598,17.16,34.83645,81.515363
"2014-01-03",73.708853,48.932277,62.796716,17.18,34.416027,81.18724
"2014-01-06",73.428001,48.884371,62.330349,17.299999,34.024934,80.371623
"2014-01-07",73.931593,50.618608,61.726791,17.32,34.19115,80.934119
"2014-01-08",72.846932,50.541955,61.050079,18.25,33.624066,81.252865
"2014-01-09",72.537028,50.666514,60.620282,18.08,32.753888,80.624744
"2014-01-10",73.011567,51.298888,60.528833,17.799999,32.714778,80.062247
"2014-01-13",70.958447,49.976651,59.870412,17.549999,31.6295,79.143497
"2014-01-14",72.10122,50.599445,59.742393,17.530001,31.580614,79.34037
"2014-01-15",71.936585,51.806701,59.56864,17.41,31.883711,79.649746
"2014-01-16",71.868794,51.298888,59.394887,17.209999,31.74683,79.630999
"2014-01-17",71.646054,51.298888,58.891932,17.049999,31.326406,77.887254
"2014-01-21",71.859107,51.078515,59.029108,16.85,31.209078,77.390382
"2014-01-22",72.934089,51.490517,60.135613,17.110001,31.355737,79.049748
"2014-01-23",72.430497,50.858143,59.111402,16.790001,31.033087,78.299748
"2014-01-24",70.425803,50.206607,57.904301,16.719999,30.573555,76.321636
"2014-01-27",69.970629,50.29284,57.501931,16.23,30.358454,75.974759
"2014-01-28",70.580751,51.116838,57.739695,16.42,30.573555,77.118507
"2014-01-29",69.079656,50.83898,56.989832,16.049999,30.045581,75.909135
"2014-01-30",70.910029,51.921677,57.977466,16.129999,31.306851,78.759127
"2014-01-31",70.319273,52.170796,57.456206,15.75,31.111305,76.968504
"2014-02-03",67.781927,50.561118,56.258252,15.25,30.19224,73.874768
"2014-02-04",68.80849,51.279724,57.062986,16.1,30.857095,74.643515
"2014-02-05",69.49609,51.145585,57.693971,15.9,31.013532,74.952884
"2014-02-06",73.176202,51.768375,57.876867,16.52,31.433957,75.684138
"2014-02-07",73.282732,52.352842,58.443841,16.82,31.521953,76.799754
"2014-02-10",74.628879,52.07498,58.20608,16.68,31.433957,77.409129
"2014-02-11",75.335852,52.697773,59.294291,17.110001,31.433957,77.971625
"2014-02-12",75.452069,52.927729,59.495475,17.32,31.844601,79.002871
"2014-02-13",75.442383,50.752747,59.074825,17.200001,31.521953,79.415372
"2014-02-14",76.730425,51.45219,59.714952,17.059999,31.864156,80.137248
"2014-02-18",77.069382,51.289304,59.714952,17.34,32.294355,80.390369
"2014-02-19",76.381782,49.411348,59.093115,17.07,32.040147,80.64349
"2014-02-20",76.691686,49.593393,59.422328,17.17,31.942372,81.102869
"2014-02-21",77.602026,48.913114,59.193703,17.120001,32.206359,81.430992
"2014-02-24",78.183102,49.00893,59.449758,17.4,32.431236,81.543494
"2014-02-25",77.679503,48.644836,59.239428,17.280001,32.450791,81.027868
"2014-02-26",77.553607,48.558603,59.44896,17.379999,32.098812,80.755993
"2014-02-27",77.94099,48.941861,60.441455,17.52,32.304134,81.430992
"2014-02-28",78.260573,49.526324,61.691272,17.549999,32.792998,82.246617
"2014-03-03",76.953165,48.865208,61.084752,17.209999,32.323689,80.530995
"2014-03-04",79.132181,49.210139,61.553427,17.360001,33.03743,81.505993
"2014-03-05",80.07158,49.717953,62.931905,17.48,33.184087,81.684113
"2014-03-06",80.710754,49.928745,63.345449,17.860001,33.57518,82.471614
"2014-03-07",79.616407,49.468838,62.766483,17.950001,33.154757,82.752859
"2014-03-10",79.38398,49.363442,62.977851,18.040001,33.061528,83.343486
"2014-03-11",78.493007,49.076,62.196716,17.85,32.354961,82.705988
"2014-03-12",78.81259,48.846044,61.810748,17.84,32.080182,82.969379
"2014-03-13",77.408338,48.34781,61.286928,17.629999,31.511004,81.934615
"2014-03-14",77.543921,48.520276,61.185836,17.17,31.687646,81.915804
"2014-03-17",78.822277,48.654415,61.268544,17.219999,31.785779,83.007008
"2014-03-18",79.403346,48.117859,61.755603,17.15,32.443283,83.166932
"2014-03-19",77.979721,47.79209,61.645334,17.15,32.384401,82.640137
"2014-03-20",78.260573,48.491533,61.112317,17.610001,32.139064,82.329706
"2014-03-21",77.815086,47.907066,60.965276,17.76,32.119437,81.868767
"2014-03-24",76.982217,48.194508,60.037114,17.65,31.668019,80.768154
"2014-03-25",77.040329,47.590878,60.23929,18.25,31.90354,80.354246
"2014-03-26",76.139669,47.542972,59.412202,18.049999,31.471749,79.648724
"2014-03-27",76.004086,47.044738,58.327804,18.27,31.079211,79.018459
"2014-03-28",76.497991,47.485485,59.412202,18.65,31.020331,79.667542
"2014-03-31",77.543921,48.164057,60.037114,19.120001,31.373614,79.949746
"2014-04-01",78.996598,48.058181,60.680389,19.440001,32.423655,81.577153
"2014-04-02",79.093442,48.991818,61.626949,19.290001,32.963395,82.188607
"2014-04-03",79.112815,49.203568,61.342062,19.09,33.110598,81.991062
"2014-04-04",77.892564,48.298808,61.121509,19.030001,32.256825,79.714572
"2014-04-07",76.633574,47.240048,59.540859,19.049999,31.403055,77.8614
"2014-04-08",77.059695,47.018667,59.97278,18.9,31.75634,78.670399
"2014-04-09",77.931303,47.92343,60.652824,18.82,32.502161,80.796374
"2014-04-10",75.064687,46.604787,58.419696,18.15,31.825034,77.917847
"2014-04-11",74.580461,46.162033,57.675326,18.379999,31.314734,77.080628
"2014-04-14",75.171217,46.835791,57.91426,18.59,31.295107,77.823778
"2014-04-15",75.209956,46.595163,58.153193,18.549999,31.059584,77.362832
"2014-04-16",76.459252,47.32667,59.265157,18.780001,31.677831,78.312937
"2014-04-17",77.466443,47.259295,59.871696,18.709999,31.913355,79.065497
"2014-04-21",76.614208,48.010056,59.779797,19,31.982049,79.300671
"2014-04-22",76.943478,48.924442,59.660328,18.68,32.188131,79.027868
"2014-04-23",77.01127,49.290194,60.652824,18.66,32.109625,79.347701
"2014-04-24",77.079061,49.444195,60.32199,18.15,32.26664,79.80864
"2014-04-25",75.761973,49.059193,59.917635,17.870001,32.031116,78.491672
"2014-04-28",75.326166,49.761826,59.807362,17.950001,31.18716,78.802096
"2014-04-29",76.159035,49.617448,59.49491,17.959999,31.412867,78.745656
"2014-04-30",76.836948,49.819574,61.07556,17.639999,31.422683,79.940344
"2014-05-01",77.050008,50.156455,61.452343,17.16,31.864289,78.548111
"2014-05-02",77.776347,50.079453,60.836615,17.629999,31.913355,79.159565
"2014-05-05",78.657642,50.493333,62.003732,17.639999,32.207758,79.244224
"2014-05-06",78.473634,49.867703,62.022109,17.51,31.805407,78.218869
"2014-05-07",77.756981,49.800327,62.325377,17.549999,31.520816,78.303528
"2014-05-08",79.025651,49.184317,62.527553,17.49,33.581643,78.886762
"2014-05-09",79.364607,49.088067,62.83082,17.379999,33.512949,78.435225
"2014-05-12",79.819781,48.75119,63.814124,17.450001,34.533546,79.545247
"2014-05-13",79.490511,48.231433,63.566002,17.639999,34.248959,78.726846
"2014-05-14",78.367103,47.961931,63.363826,16.5,33.640522,78.200051
"2014-05-15",77.621399,48.423936,62.950274,16.389999,33.385373,78.134203
"2014-05-16",77.853825,48.308432,63.308687,16.379999,33.43444,78.858542
"2014-05-19",78.493007,48.991818,64.429844,16.32,33.483507,79.253633
"2014-05-20",78.531738,48.75119,63.602756,16.01,33.454067,78.350566
"2014-05-21",79.597041,49.424945,64.681087,16.049999,33.905485,79.451178
"2014-05-22",79.751989,49.761826,64.597991,16.18,33.885858,79.648724
"2014-05-23",80.691389,50.021704,65.253484,16.110001,34.298025,79.949746
"2014-05-27",81.098137,50.10833,65.170395,16.639999,34.131194,80.288397
"2014-05-28",80.962554,49.9062,65.244249,16.33,34.504107,80.53298
"2014-05-29",81.378988,50.117954,64.911885,16.209999,34.847576,80.542389
"2014-05-30",81.359623,50.243081,64.468743,16.18,34.749443,80.269586
"2014-06-02",81.611415,50.589586,65.318104,16.290001,34.877019,81.558335
"2014-06-03",81.233719,50.358582,65.318104,16.08,34.729816,81.934615
"2014-06-04",81.582362,50.329707,65.09654,16.24,34.837764,81.840547
"2014-06-05",82.105327,50.73396,65.438124,16.24,35.416758,82.292084
"2014-06-06",81.940692,50.926463,65.622771,16.1,35.367692,82.46141
"2014-06-09",82.783248,50.964965,66.432043,16.299999,35.534519,82.640137
"2014-06-10",82.076275,50.897589,66.528334,16.18,35.406947,82.188607
"2014-06-11",81.650154,50.73396,66.364638,15.99,35.446197,81.773126
"2014-06-12",80.187797,50.695459,65.835035,16.09,34.749443,81.159354
"2014-06-13",80.187797,50.50296,65.32468,16.219999,34.857392,81.12159
"2014-06-16",80.672023,50.387456,65.979468,16.26,35.063473,81.650375
"2014-06-17",80.53644,50.243081,65.690595,16.120001,34.847576,81.537061
"2014-06-18",80.943188,50.685836,66.70166,16.299999,34.710188,82.150833
"2014-06-19",81.127189,50.955337,66.778696,16.84,34.710188,82.150833
"2014-06-20",80.207163,50.762838,65.767631,16.969999,33.895674,80.979949
"2014-06-23",80.149058,50.464458,65.661709,16.780001,33.699404,80.658896
"2014-06-24",80.07158,50.666585,65.709851,16.639999,33.571828,80.375622
"2014-06-25",81.253092,51.215216,66.509078,16.91,34.229331,80.318961
"2014-06-26",81.785736,51.590595,66.826845,16.809999,34.494295,80.668341
"2014-06-27",82.608926,52.100728,67.154235,16.76,34.592428,81.55595
"2014-06-30",83.03504,51.883258,67.645328,16.77,34.494295,81.895885
"2014-07-01",83.742013,52.298866,67.953463,17.129999,34.641495,82.009192
"2014-07-02",83.71296,52.733805,68.300115,16.92,35.034034,82.452996
"2014-07-03",84.100335,53.062425,68.743059,16.84,35.534519,82.604082
"2014-07-07",83.858222,52.366523,68.531215,16.93,35.024219,82.40578
"2014-07-08",83.151257,51.525644,68.126789,16.77,34.445225,81.820342
"2014-07-09",84.468351,52.898113,69.725244,16.790001,35.240116,81.688146
"2014-07-10",84.119708,52.540498,69.542287,16.65,35.043846,81.489852
"2014-07-11",84.148761,52.724137,69.609691,16.66,34.975152,80.611688
"2014-07-14",84.022865,53.207402,69.022307,16.67,34.877019,80.290635
"2014-07-15",83.432108,53.052757,68.377151,16.530001,34.533546,79.884601
"2014-07-16",82.657344,53.207402,80.047771,16.76,32.384401,82.500212
"2014-07-17",82.34744,52.385854,82.926915,16.700001,32.158692,82.75516
"2014-07-18",83.102831,52.714474,83.99576,16.790001,32.394212,83.43503
"2014-07-21",83.03504,52.018572,84.120937,16.709999,32.276452,82.434114
"2014-07-22",83.490213,52.801461,83.56244,16.690001,32.718058,82.245258
"2014-07-23",83.325578,52.878782,81.135878,16.889999,32.089998,80.979949
"2014-07-24",84.061603,53.284726,80.895147,17.33,32.305891,80.847753
"2014-07-25",83.509586,52.569493,81.838808,17.68,32.197946,81.338766
"2014-07-28",84.40056,52.898113,82.079538,17.709999,31.854473,81.187688
"2014-07-29",83.480527,53.149412,80.741076,17.469999,31.550259,80.743884
"2014-07-30",84.458665,53.555353,81.357346,17.530001,31.403055,80.158438
"2014-07-31",83.170622,51.931584,79.941849,18.43,31.079211,78.062175
"2014-08-01",82.686397,51.602964,80.692935,18.02,31.344175,77.665586
"2014-08-04",84.487717,52.047567,82.358787,18.299999,30.93201,77.797782
"2014-08-05",84.013178,51.399994,82.031397,18.01,30.716113,77.212337
"2014-08-06",83.858222,51.129367,71.487387,17.75,31.726901,75.833715
"2014-08-07",82.8123,50.91673,69.388215,17.34,33.326491,75.286048
"2014-08-08",84.110022,51.709283,70.514841,17.42,33.728843,75.956473
"2014-08-11",84.739517,51.950915,71.294806,17.370001,34.121383,76.560801
"2014-08-12",84.458665,51.999241,70.331883,17.360001,34.45504,75.899813
"2014-08-13",84.83636,52.298866,71.410359,17.940001,34.739631,75.767617
"2014-08-14",85.814499,52.550162,73.68285,18.07,35.092913,76.315291
"2014-08-15",86.463359,52.801461,73.663595,18.41,35.191049,76.938507
"2014-08-18",87.131593,52.898113,74.010248,18.52,35.298998,77.580606
"2014-08-19",87.247803,52.675812,74.135425,18.860001,35.220488,76.692997
"2014-08-20",87.00569,52.811125,74.164312,18.950001,35.004591,76.702442
"2014-08-21",87.528655,52.617819,73.913957,18.83,35.063473,76.249192
"2014-08-22",87.635185,52.366523,74.366532,18.860001,35.024219,76.201976
"2014-08-25",87.528655,52.820792,74.096907,18.969999,34.896646,76.022571
"2014-08-26",87.180012,52.733805,74.125801,18.870001,34.896646,75.956473
"2014-08-27",87.518975,52.733805,74.307577,18.83,35.181234,76.305846
"2014-08-28",87.383393,52.695143,74.404268,18.9,34.935897,76.268075
"2014-08-29",87.044429,52.888449,74.481623,19.110001,34.759255,76.626899
"2014-09-02",87.93541,52.946438,74.76203,19.4,35.259743,76.919618
"2014-09-03",88.070993,53.033426,74.771701,19.709999,35.62284,76.353062
"2014-09-04",87.296228,53.043094,74.675011,19.620001,35.456013,76.570238
"2014-09-05",88.070993,53.835647,74.413939,19.27,35.47564,76.825193
"2014-09-08",87.702976,54.009622,74.645997,19.209999,35.332849,76.362507
"2014-09-09",86.773264,54.715188,73.862796,19.200001,35.126049,74.785583
"2014-09-10",86.695786,55.005146,73.418016,19.5,35.017729,75.767617
"2014-09-11",87.131593,55.072802,74.220558,19.799999,34.761692,75.777097
"2014-09-12",86.841055,55.169457,74.2689,19.82,34.515505,75.397831
"2014-09-15",87.238124,55.111464,73.67908,19.870001,34.37764,75.170274
"2014-09-16",87.422124,55.314434,74.220558,20.25,34.22008,75.862436
"2014-09-17",87.480237,55.179121,74.317249,18.879999,34.121607,75.359911
"2014-09-18",87.489916,54.947153,74.820042,18.040001,34.37764,76.289106
"2014-09-19",87.635185,54.840837,75.226153,17.690001,34.613982,76.677855
"2014-09-22",86.473046,53.990291,73.166615,17.360001,33.993588,75.303016
"2014-09-23",85.52396,53.130081,72.779847,17.370001,33.698164,73.492031
"2014-09-24",86.627994,53.023763,73.67908,17.35,33.964047,74.079887
"2014-09-25",85.291534,52.134554,72.857202,17.27,33.225484,72.980023
"2014-09-26",85.940395,52.424516,73.156951,17.42,33.914806,73.169652
"2014-09-29",86.027559,52.565243,73.137609,17.780001,33.629231,72.837797
"2014-09-30",86.221246,52.196431,72.721834,18.040001,33.767096,72.951579
"2014-10-01",84.72983,51.371461,71.271458,17.77,33.186093,71.320739
"2014-10-02",84.051917,51.284111,70.778329,17.459999,32.900514,70.732876
"2014-10-03",85.659543,52.070262,72.248047,17.610001,33.55045,71.197474
"2014-10-06",85.766073,51.817915,71.37782,17.76,33.58984,70.685473
"2014-10-07",84.361821,51.652923,70.94271,17.370001,33.136856,69.955384
"2014-10-08",85.330273,53.157282,71.542194,17.790001,33.58984,70.74236
"2014-10-09",83.005987,51.749977,69.685715,17.18,32.60509,68.324544
"2014-10-10",83.548318,51.070588,69.443986,17.120001,31.935459,66.788527
"2014-10-13",81.262779,50.119445,68.303023,16.98,31.334761,64.683606
"2014-10-14",81.485519,49.954452,68.303023,17.049999,31.413541,65.404211
"2014-10-15",79.490511,49.352705,69.821083,17.040001,31.285524,64.664639
"2014-10-16",79.161233,48.129808,72.915222,16.889999,32.004392,64.69309
"2014-10-17",81.185301,49.187713,73.34066,17.24,32.201342,65.717099
"2014-10-20",82.821979,49.789456,75.119792,17.530001,32.536158,65.423171
"2014-10-21",84.778256,50.653249,74.665339,17.43,33.156548,68.115947
"2014-10-22",84.352135,49.973864,74.036842,17.629999,32.250579,66.779043
"2014-10-23",85.214056,51.652923,75.60325,17.870001,33.028533,67.765132
"2014-10-24",85.814499,52.662297,76.164057,17.719999,32.841428,67.897874
"2014-10-27",85.659543,52.458481,76.647515,17.48,33.255025,68.163358
"2014-10-28",87.092854,53.118459,76.966599,17.719999,33.786791,69.149448
"2014-10-29",86.705472,53.283455,76.009354,18.360001,33.826178,69.215819
"2014-10-30",87.373706,52.749647,77.014948,18.719999,34.032979,68.950335
"2014-10-31",88.497106,53.720202,76.840903,19.82,33.954197,68.912407
"2014-11-03",88.816697,53.96284,76.154393,20.16,33.826178,69.054633
"2014-11-04",87.499602,53.021405,72.489776,20.01,32.821736,66.02051
"2014-11-05",88.129097,53.467859,75.409862,20.18,34.308708,66.826454
"2014-11-06",89.097549,53.749321,74.800707,19.700001,34.771542,67.120382
"2014-11-07",87.160646,53.526094,74.452617,19.620001,34.082216,66.968672
"2014-11-10",86.947585,51.390873,74.771701,20.5,34.210234,66.456664
"2014-11-11",87.14128,51.400577,75.458211,20.709999,34.397336,65.925696
"2014-11-12",87.063802,52.021731,75.11012,20.629999,34.111757,65.660212
"2014-11-13",87.635185,52.70112,76.367116,20.41,34.456422,67.509124
"2014-11-14",87.93541,52.507008,77.111639,20.639999,34.574591,69.177891
"2014-11-17",87.557714,52.555539,77.740136,20.26,34.801083,70.258795
"2014-11-18",87.431811,52.817586,77.836826,21.26,34.761692,69.92694
"2014-11-19",86.986324,52.778766,78.252601,20.809999,34.476114,69.67094
"2014-11-20",86.09535,52.778766,77.923845,20.48,34.525354,69.974351
"2014-11-21",86.153455,52.4876,77.401717,21.24,34.673065,69.889013
"2014-11-24",87.722349,53.399921,78.73606,21.629999,35.204831,70.638062
"2014-11-25",88.758592,54.952807,80.025161,21.93,36.00248,71.064732
"2014-11-26",89.020071,55.185741,81.335615,21.690001,35.766138,71.330223
"2014-11-28",89.591461,55.360442,82.626659,21.99,36.238818,71.709482
"2014-12-01",89.775462,54.933395,81.500634,22.15,36.711498,70.31569
"2014-12-02",90.521174,55.34103,82.005406,21.959999,36.62287,70.296723
"2014-12-03",90.172531,55.457496,81.413274,21.950001,36.681956,71.159553
"2014-12-04",90.288748,54.719876,82.180134,22.120001,37.056163,70.865618
"2014-12-05",90.802026,54.681052,81.791849,22.16,37.233418,72.913652
"2014-12-08",90.840765,54.700464,80.889091,21.15,36.819821,71.216441
"2014-12-09",90.007896,54.535468,81.461805,20.700001,36.544092,70.74236
"2014-12-10",88.739219,53.933725,80.772603,20.790001,36.425923,69.215819
"2014-12-11",89.984788,54.25401,80.869672,20.74,36.553938,69.501563
"2014-12-12",89.729788,53.720202,79.714535,20.33,36.337295,69.492037
"2014-12-15",89.151143,53.322274,79.180643,19.719999,35.943394,69.606335
"2014-12-16",88.435185,53.196105,78.200226,19.719999,35.657815,68.825312
"2014-12-17",89.621904,53.710498,79.869844,20.389999,36.662261,70.073043
"2014-12-18",90.828243,54.632525,81.908329,21.139999,37.174332,72.139896
"2014-12-19",91.102855,55.486611,82.442222,20.58,37.92274,72.31134
"2014-12-22",92.387649,55.535142,83.063474,20.780001,38.375729,72.749474
"2014-12-23",92.868227,56.195119,83.267322,20.860001,38.149236,73.59717
"2014-12-24",92.603417,56.360112,83.073183,21.32,38.119691,73.235235
"2014-12-26",93.201682,56.670689,84.170081,21.27,38.296947,73.254288
"2014-12-29",93.662641,57.146262,83.791505,21.17,38.415116,73.225708
"2014-12-30",92.878029,57.136555,83.44205,20.58,38.0803,72.759001
"2014-12-31",92.377847,56.301877,82.917866,20.469999,37.824267,71.673188
"2015-01-02",91.946309,55.661311,82.442222,20.559999,37.272805,71.81606
"2015-01-05",90.602665,54.526161,80.801723,20.26,36.514551,69.815879
"2015-01-06",90.122094,53.814866,79.889263,20.25,36.061563,68.434797
"2015-01-07",91.044011,53.766148,80.733774,21.530001,34.781388,67.910944
"2015-01-08",91.985541,54.935402,82.985816,21.559999,35.135898,68.853885
"2015-01-09",92.43669,54.847708,81.743311,21.34,34.840474,68.263353
"2015-01-12",92.642649,54.73078,81.588001,21.360001,34.840474,68.958657
"2015-01-13",93.358607,55.383615,82.665488,21.18,34.594286,69.177721
"2015-01-14",92.417078,54.389749,79.976623,20.700001,34.328403,64.577308
"2015-01-15",92.534764,54.565137,80.005743,20.93,34.06252,63.320051
"2015-01-16",93.348797,55.315408,80.743483,20.67,34.407181,64.834471
"2015-01-20",92.91726,54.380007,77.996378,20.82,33.599686,63.205752
"2015-01-21",92.358227,54.341031,78.365251,21.91,33.39289,64.272518
"2015-01-22",93.319376,55.120532,79.32625,22.17,34.032979,65.348804
"2015-01-23",92.897648,54.867196,77.627511,22.6,33.767096,64.577308
"2015-01-26",93.142839,55.237456,78.598219,23.370001,34.013283,64.272518
"2015-01-27",92.162078,54.915914,78.277884,23.059999,33.639077,63.948675
"2015-01-28",90.887086,53.191265,76.579145,23.459999,33.048228,63.339097
"2015-01-29",91.426507,52.489712,77.394544,23.57,33.333803,64.282038
"2015-01-30",89.209986,51.788163,75.647266,23.290001,32.654327,61.357962
"2015-02-02",90.161325,52.431252,76.28793,23.33,33.255025,62.034213
"2015-02-03",92.289574,53.990255,77.976967,23.389999,34.072366,63.59626
"2015-02-04",99.331436,55.442079,77.79253,25.940001,34.131453,62.939062
"2015-02-05",100.665271,55.510285,77.637221,26.82,32.299816,63.10098
"2015-02-06",100.057197,55.461563,78.025498,26.57,33.067924,63.882003
"2015-02-09",99.772783,55.627209,78.180815,25.690001,33.530754,64.996388
"2015-02-10",99.959122,55.939009,78.442902,26.059999,33.934502,64.901143
"2015-02-11",99.910088,56.299528,78.637049,26.1,34.289012,63.967729
"2015-02-12",101.587188,56.884157,80.869672,27.110001,33.885265,64.491582
"2015-02-13",102.165833,57.946228,81.413274,27.299999,34.190539,65.70122
"2015-02-17",102.1168,57.293394,81.617121,26.6,34.525354,66.044101
"2015-02-18",101.8618,56.728257,81.131768,28.02,34.131453,64.853517
"2015-02-19",101.891222,56.367734,81.461805,27.370001,34.269317,66.015528
"2015-02-20",102.538527,57.001081,82.053937,27.26,34.761692,66.396517
"2015-02-23",102.970057,56.718511,81.316197,27.030001,34.830624,66.977523
"2015-02-24",102.656214,57.653912,81.170597,27.74,34.70261,67.558529
"2015-02-25",103.5389,58.092383,80.410256,27.690001,34.367794,67.006096
"2015-02-26",102.548329,57.634428,80.342021,28.129999,34.289012,66.301272
"2015-02-27",102.077569,57.858534,79.796142,28.32,34.466268,66.615588
"2015-03-02",103.852743,58.335977,80.683195,28.110001,34.623828,67.387084
"2015-03-03",104.303892,58.423671,81.06337,27.83,35.096508,68.082389
"2015-03-04",103.5389,58.88163,80.985385,27.889999,34.436727,67.491856
"2015-03-05",103.009288,58.784194,81.160847,28.059999,34.338249,66.996569
"2015-03-06",101.822569,58.823166,81.999165,27.51,33.964047,66.977523
"2015-03-09",103.234866,59.018042,83.05193,27.27,34.339887,67.891891
"2015-03-10",101.10661,57.195957,81.277817,26.57,33.914594,66.529862
"2015-03-11",100.910461,56.572356,80.848915,26.84,33.815686,66.147069
"2015-03-12",105.108115,57.809816,82.437817,27.129999,34.20142,66.711689
"2015-03-13",104.392164,57.536988,81.969915,26.559999,33.647549,65.199645
"2015-03-16",105.304272,58.219053,83.295627,25.82,33.973935,66.338464
"2015-03-17",104.902157,57.61494,83.597817,26.75,33.49919,65.840833
"2015-03-18",105.892727,57.478528,85.001506,28.110001,34.537694,65.907822
"2015-03-19",105.304272,57.244675,84.64084,27.85,34.082731,65.850398
"2015-03-20",106.343876,57.92674,85.674112,27.91,34.913535,66.759542
"2015-03-23",106.137917,57.605194,84.884537,27.780001,35.160798,67.372014
"2015-03-24",105.049272,56.09491,84.163188,27.57,34.686053,66.099217
"2015-03-25",102.979867,55.081556,83.022688,26.690001,33.88492,64.816855
"2015-03-26",103.215247,54.477443,82.593786,26.540001,33.568423,64.357498
"2015-03-27",103.450635,54.506673,82.964203,26.780001,33.331053,64.931689
"2015-03-30",104.078321,55.407129,83.149415,27.09,33.88492,65.209217
"2015-03-31",102.871982,55.270104,82.311097,26.780001,33.46952,65.362339
"2015-04-01",103.411404,55.847568,80.712445,27.26,33.212368,64.414915
"2015-04-02",103.960627,56.708866,82.856976,27.85,33.667331,64.68287
"2015-04-06",103.597743,56.97313,83.129915,29.35,34.062949,65.649431
"2015-04-07",103.401594,57.080793,83.159158,28.969999,33.865142,64.386206
"2015-04-08",104.313702,57.92252,83.032438,29.52,33.756346,65.29535
"2015-04-09",104.71581,58.323808,83.451597,29.9,33.983827,66.338464
"2015-04-10",104.892347,58.539135,83.33462,30.559999,33.964046,66.290612
"2015-04-13",104.460817,57.531018,82.379332,30.370001,33.687112,66.549003
"2015-04-14",104.607933,57.726769,82.272105,31.129999,33.736564,66.615992
"2015-04-15",104.921776,58.637008,82.788741,31.75,33.667331,67.419859
"2015-04-16",106.020223,58.402106,82.486559,31.08,33.617879,67.86008
"2015-04-17",104.637354,57.178667,81.297317,30.01,33.064009,66.166206
"2015-04-20",106.137917,57.227607,81.950423,30.360001,33.568423,67.324161
"2015-04-21",105.608305,57.589744,81.92118,30.879999,33.578316,67.362442
"2015-04-22",105.863305,57.511442,82.330589,32.349998,33.667331,67.39115
"2015-04-23",106.902909,57.971457,82.739999,30.719999,33.973935,67.659106
"2015-04-24",107.422711,58.372745,83.2079,31.34,34.270653,67.697386
"2015-04-27",108.040595,57.628895,82.623029,31.190001,34.132183,66.941364
"2015-04-28",107.805207,57.746344,82.837483,31.01,34.151964,68.24287
"2015-04-29",107.697323,57.100368,83.295627,30.700001,34.240979,69.13287
"2015-04-30",106.628297,56.532691,82.281854,30.23,33.706894,66.46287
"2015-05-01",108.393662,57.168881,83.422355,30.91,34.122294,66.194914
"2015-05-04",108.893852,57.531018,83.744036,31.15,34.092624,66.82653
"2015-05-05",108.678083,56.748017,82.320839,30.33,33.548642,65.917387
"2015-05-06",107.609058,56.434817,81.521514,29.959999,33.311272,64.845564
"2015-05-07",107.157909,56.689291,81.570256,30.299999,32.421123,63.812014
"2015-05-08",107.991554,57.168881,82.106392,30.639999,32.431016,63.582339
"2015-05-11",106.510603,56.54248,80.91715,30.84,32.431016,62.615778
"2015-05-12",107.13829,56.111831,81.131604,31.51,32.243094,61.706642
"2015-05-13",107.089256,55.084139,81.307067,32,32.55959,61.620509
"2015-05-14",107.815017,55.338616,81.979665,32.189999,32.965105,62.29997
"2015-05-15",108.177901,55.43649,83.139665,32.740002,33.617879,62.749756
"2015-05-18",108.207323,55.75948,83.149415,32.450001,33.311272,62.931586
"2015-05-19",108.432893,56.013954,83.549074,32.610001,33.983827,62.759328
"2015-05-20",108.079819,56.346729,83.402855,32.169998,34.181638,63.084701
"2015-05-21",108.266166,56.317368,83.003195,31.809999,34.23109,64.032125
"2015-05-22",108.13867,56.640354,83.05193,31.719999,33.875031,63.926856
"2015-05-26",107.334446,57.345056,82.535294,31.629999,33.578316,63.103845
"2015-05-27",108.246554,58.07912,83.416248,31.24,33.786016,65.410184
"2015-05-28",108.403472,57.775706,82.985558,31.18,33.588205,64.443623
"2015-05-29",108.246554,57.217818,82.691912,30.92,33.232146,64.003409
"2015-06-01",108.825199,57.531018,82.603814,30.799999,33.212368,63.840723
"2015-06-02",108.61924,57.570169,82.926831,30.540001,33.044227,63.247387
"2015-06-03",109.031158,58.059545,84.150373,30.43,33.271709,65.285778
"2015-06-04",108.177901,57.697408,83.269421,30.02,33.202475,65.132656
"2015-06-05",108.177901,57.44293,83.103021,30.049999,32.935431,65.132656
"2015-06-08",107.187331,56.640354,84.19931,29.27,32.707949,64.233092
"2015-06-09",106.432141,56.620779,83.719684,29.139999,32.450797,63.869431
"2015-06-10",107.88367,56.992705,83.817566,29.98,32.599153,64.2618
"2015-06-11",108.491744,57.511442,84.757246,30.51,32.539812,64.916449
"2015-06-12",107.834629,57.022067,84.189528,30.440001,32.342001,63.924845
"2015-06-15",108.060207,57.100368,84.355928,30.68,32.104627,63.587894
"2015-06-16",108.923274,57.628895,85.197726,30.440001,31.906816,64.329188
"2015-06-17",109.345001,58.353169,85.373916,29.950001,32.332108,64.386949
"2015-06-18",111.04172,59.194896,86.440842,30.190001,32.658497,64.926079
"2015-06-19",110.453265,59.224258,86.137405,29.67,32.549701,65.08974
"2015-06-22",111.345754,59.674486,86.156979,30.5,32.90576,65.696253
"2015-06-23",112.208828,59.468946,85.833969,31.01,33.054116,65.003091
"2015-06-24",111.581134,59.077447,85.256453,30.51,32.618934,64.252168
"2015-06-25",112.248052,59.586398,86.333169,31.15,32.599153,63.982606
"2015-06-26",112.777663,59.968111,86.264651,31.17,32.579371,63.953726
"2015-06-29",110.874993,58.946038,84.698518,30.360001,31.946379,61.989769
"2015-06-30",111.944018,59.10328,85.559897,28.389999,32.193642,62.23045
"2015-07-01",113.571683,61.176907,86.440842,28.51,32.243094,62.201569
"2015-07-02",113.413852,61.265356,86.617032,28.389999,32.005723,61.806849
"2015-07-06",114.133967,61.039321,85.530526,28.040001,32.213423,60.882639
"2015-07-07",115.515019,61.432424,85.520743,28.17,32.32222,60.699719
"2015-07-08",113.630876,60.626559,83.993756,26.809999,31.867257,58.889798
"2015-07-09",114.035322,60.941043,85.246663,27.360001,32.124408,59.072718
"2015-07-10",114.863957,62.100702,86.754068,28.4,32.73762,59.496315
"2015-07-13",116.452165,62.621568,87.987401,28.67,33.301379,60.170222
"2015-07-14",116.254868,62.149843,88.085283,28.299999,33.29149,59.40967
"2015-07-15",116.698782,62.65105,88.564917,27.92,33.558535,58.966818
"2015-07-16",117.458356,63.211223,89.083698,27.98,33.875031,59.486689
"2015-07-17",117.251199,63.162082,87.791638,28.120001,33.617879,58.514336
"2015-07-20",117.961455,63.211223,87.478411,28.110001,33.46952,57.811549
"2015-07-21",117.695106,63.162082,86.871531,28.450001,33.143131,57.503477
"2015-07-22",117.714839,63.388121,86.842167,28.379999,33.32116,56.232683
"2015-07-23",117.192014,61.393116,85.833969,29.200001,32.866197,56.059392
"2015-07-24",117.300526,61.098285,85.530526,29.27,33.29149,54.307235
"2015-07-27",116.649455,60.05656,84.708308,28.879999,32.806853,54.287981
"2015-07-28",116.856612,61.334149,85.902487,29.24,33.26182,54.576797
"2015-07-29",118.217931,61.402942,86.245078,29.540001,33.637657,54.490152
"2015-07-30",118.405361,61.285012,86.568095,29.120001,33.667331,54.2591
"2015-07-31",118.375769,61.334149,86.17656,28.35,34.112405,54.875243
"2015-08-03",119.480612,62.120357,85.922061,27.76,34.003609,54.0473
"2015-08-04",120.042896,61.658462,85.794815,27.360001,33.954157,53.527428
"2015-08-05",109.033946,58.77897,78.110968,27.110001,31.57054,49.493618
"2015-08-06",107.08075,57.747068,77.474725,26.559999,29.542984,42.456107
"2015-08-07",107.869918,57.806035,78.433978,26.83,30.354006,43.775041
"2015-08-10",109.497586,58.425176,80.421018,27.15,30.324334,45.267262
"2015-08-11",106.538192,57.776553,78.081597,27.35,29.721012,44.285283
"2015-08-12",105.54186,58.385864,78.218641,26.719999,29.750684,44.333419
"2015-08-13",106.064685,58.611899,77.357262,26.969999,29.790247,44.044603
"2015-08-14",105.709565,57.865002,76.574199,27.120001,29.938604,42.042136
"2015-08-17",107.573983,59.368626,77.719433,26.83,30.195758,42.513872
"2015-08-18",105.492542,58.661036,77.337688,26.870001,29.85948,41.628168
"2015-08-19",105.009168,58.887071,76.172873,26.629999,29.631997,41.522268
"2015-08-20",98.6662,57.363791,72.335845,25.52,28.385793,38.913284
"2015-08-21",97.502171,55.8012,71.16124,24.51,27.634113,38.383787
"2015-08-24",94.069278,53.472056,68.33241,23.25,26.368126,36.727905
"2015-08-25",94.592103,52.921709,68.214954,23.790001,26.437359,37.141876
"2015-08-26",97.886899,54.444992,70.153042,25.040001,27.040682,37.170757
"2015-08-27",100.787101,55.791374,71.628501,25.860001,27.495645,37.786899
"2015-08-28",101.09291,55.8012,71.195698,25.870001,27.614332,39.38502
"2015-08-31",100.501025,55.358961,69.936643,25.780001,27.090134,39.25024
"2015-09-01",98.163108,54.071542,68.303808,24.879999,26.308784,38.884404
"2015-09-02",100.510892,54.916717,69.336623,25.469999,26.654952,40.184083
"2015-09-03",100.609537,55.241026,69.543186,25.32,26.575828,41.541523
"2015-09-04",99.603346,54.818439,68.864481,24.559999,26.327175,41.724439
"2015-09-08",102.6022,56.125513,70.507154,24.9,26.904045,42.379091
"2015-09-09",100.530625,55.693096,68.962843,25.059999,26.337121,42.667908
"2015-09-10",101.211281,55.56534,69.553024,25.93,26.36696,43.033744
"2015-09-11",103.065839,55.43758,68.864481,26.16,26.307284,43.014315
"2015-09-14",102.414769,55.280338,68.490694,25.959999,26.177985,42.557752
"2015-09-15",102.030048,56.154995,68.844804,25.84,26.426636,43.150313
"2015-09-16",102.552873,56.744654,69.415316,26.139999,26.595718,44.150874
"2015-09-17",102.789623,57.45224,69.100552,26.42,26.635504,43.966303
"2015-09-18",101.44803,56.430167,68.500532,25.41,26.168038,44.374299
"2015-09-21",102.010322,56.892066,68.431678,25.459999,26.307284,43.597167
"2015-09-22",101.102769,56.715169,68.254623,25.02,26.207823,42.878317
"2015-09-23",100.195223,56.38103,67.890674,24.98,26.138201,42.363468
"2015-09-24",99.258085,55.840512,66.513587,25.02,25.809982,42.353752
"2015-09-25",98.942416,55.56534,66.759497,25.34,25.591168,42.27604
"2015-09-28",97.15691,53.865163,65.372564,24.049999,25.054083,41.984616
"2015-09-29",98.074323,54.189472,65.510273,23.610001,25.66079,41.605764
"2015-09-30",100.816693,55.899479,67.625095,24.5,26.834423,41.916617
"2015-10-01",101.280333,56.420341,68.205438,24.719999,27.053237,41.605764
"2015-10-02",101.605868,57.70776,69.434985,25.76,27.888705,43.062889
"2015-10-05",102.444362,58.842763,69.907135,26.49,28.197032,44.160587
"2015-10-06",102.365443,58.201239,70.241575,26.33,28.008057,45.452572
"2015-10-07",101.990589,58.921722,70.625193,26.76,28.047842,46.093707
"2015-10-08",103.194077,60.185034,71.785886,26.42,28.415844,46.55027
"2015-10-09",104.131215,59.701424,71.89408,26.6,28.525251,46.122848
"2015-10-12",104.910523,59.484291,71.982611,26.709999,28.515305,45.17086
"2015-10-13",105.147273,59.375725,71.598993,26.41,28.545144,45.190289
"2015-10-14",104.29892,59.158591,69.867788,26.01,28.395952,45.734284
"2015-10-15",106.42968,60.214642,71.303898,26.99,29.102122,47.832543
"2015-10-16",106.774941,60.520602,70.841587,27.18,29.320934,48.327964
"2015-10-19",107.988296,60.757475,69.995666,27.43,29.320934,47.502261
"2015-10-20",108.353283,60.747603,70.556339,27.23,29.410449,47.919971
"2015-10-21",108.599899,60.313341,69.96615,28.1,29.082229,47.133122
"2015-10-22",111.717132,60.895649,71.343245,28.74,29.629263,48.230823
"2015-10-23",111.559294,61.171998,72.071135,28.799999,29.947536,48.901099
"2015-10-26",111.983474,61.369391,72.149827,28.940001,30.066887,48.318251
"2015-10-27",112.23009,60.737735,71.707193,28.6,29.788399,47.647971
"2015-10-28",112.792375,61.132518,73.841686,28.969999,29.967426,48.230823
"2015-10-29",113.482904,62.23792,74.235142,28.1,30.245916,47.803398
"2015-10-30",112.200497,61.803654,74.107264,28.4,30.524406,47.900542
"2015-11-02",113.482904,61.922092,75.307304,28.879999,30.693489,49.260522
"2015-11-03",113.976137,61.744439,76.035201,28.91,31.111223,49.823946
"2015-11-04",111.717132,60.658776,71.018643,28.450001,29.490017,46.55027
"2015-11-05",111.470515,61.004216,68.293969,28.35,29.430341,45.442856
"2015-11-06",114.104375,60.806822,67.733296,28.049999,29.669046,46.346273
"2015-11-09",114.844223,60.55021,67.369347,27.870001,29.33088,46.414272
"2015-11-10",115.830688,60.767343,68.598895,28.1,29.917697,47.016553
"2015-11-11",114.942868,60.747603,69.887465,28.299999,29.858021,47.939396
"2015-11-12",114.637066,60.688388,69.267769,27.870001,29.858021,48.366821
"2015-11-13",113.285607,59.444812,68.785788,27.309999,29.529802,48.561105
"2015-11-16",114.350991,60.55021,69.936643,27.440001,30.136509,50.484509
"2015-11-17",114.558147,60.33308,69.307115,26.870001,30.017158,49.522805
"2015-11-18",116.540944,61.744439,70.595678,26.99,30.136509,51.591923
"2015-11-19",117.103228,61.803654,69.818611,26.860001,29.788399,50.717647
"2015-11-20",118.444821,62.080006,69.562863,26.889999,29.907751,51.203355
"2015-11-23",117.803617,61.320044,69.366131,26.790001,29.818236,49.39652
"2015-11-24",116.353513,60.85617,69.041536,26.959999,29.688938,49.454806
"2015-11-25",117.063769,60.599561,69.49628,26.51,29.738668,50.853645
"2015-11-27",113.571683,60.787083,68.98222,26.49,29.380612,49.697661
"2015-11-30",111.934155,60.0666,69.179938,25.92,29.350773,48.366821
"2015-12-01",113.828166,60.944997,70.227817,26.200001,29.569585,48.269677
"2015-12-02",112.45698,59.691553,69.219474,25.4,29.151851,46.287991
"2015-12-03",110.375539,58.842763,68.369313,25.25,28.873363,45.394286
"2015-12-04",112.69373,59.958033,69.802733,25.389999,29.171744,44.898865
"2015-12-07",112.289283,59.582986,69.555591,25.299999,29.161797,45.802283
"2015-12-08",110.957557,58.763808,68.033197,24.799999,28.574981,43.432024
"2015-12-09",109.961226,57.826192,67.519145,24.360001,27.988164,42.713178
"2015-12-10",109.961223,58.892111,67.064397,24.629999,28.077679,42.674321
"2015-12-11",107.260838,57.214276,64.721498,24.34,27.311833,40.772455
"2015-12-14",108.561388,56.622096,63.525333,24.65,27.102967,39.939165
"2015-12-15",111.351128,56.997143,63.970185,24.5,27.192481,40.174445
"2015-12-16",112.96937,57.934759,65.146582,25.24,27.749459,40.694026
"2015-12-17",111.202208,56.661575,64.118471,25.129999,27.341672,39.017641
"2015-12-18",106.943146,55.664743,62.783903,24.440001,26.963723,38.292189
"2015-12-21",105.82129,55.723959,62.685048,24.35,26.923938,38.449044
"2015-12-22",105.97021,56.148354,63.386934,24.299999,27.212374,39.978376
"2015-12-23",104.79872,56.424702,63.752699,24.620001,27.252157,40.370515
"2015-12-24",105.096559,56.553008,63.653844,24.700001,27.281996,40.301891
"2015-12-28",106.476534,56.444442,63.742819,24.67,27.27205,40.360709
"2015-12-29",106.307762,56.809621,64.098696,24.83,27.42124,40.517567
"2015-12-30",105.573093,55.9707,63.703275,24.719999,27.152696,40.056805
"2015-12-31",104.322185,55.694351,63.930641,24.610001,27.013452,40.350907
"2016-01-04",102.237332,55.159018,64.177783,24.73,26.446528,40.017591
"2016-01-05",100.17233,55.168934,64.770922,25.469999,26.446528,39.762703
"2016-01-06",99.636224,54.742651,67.835486,23.629999,26.575826,39.272532
"2016-01-07",98.782425,54.137923,69.397417,23.27,25.750304,38.125529
"2016-01-08",98.534228,54.197402,70.356328,23,25.750304,40.174445
"2016-01-11",99.199395,54.246973,68.814166,23.360001,25.740358,40.164643
"2016-01-12",100.728289,54.395674,70.277241,22.85,26.277445,40.870488
"2016-01-13",97.769785,53.087085,69.842277,22.49,25.740358,39.988181
"2016-01-14",98.395239,54.574118,69.743421,22.299999,26.416689,40.6156
"2016-01-15",93.222813,53.424146,68.853709,21.440001,25.959172,39.066657
"2016-01-19",93.292308,53.781035,68.992108,22.209999,26.21777,40.899901
"2016-01-20",91.872621,53.146568,68.112284,21.040001,25.501653,39.870538
"2016-01-21",93.341943,53.850429,68.685655,21.16,25.382302,40.762653
"2016-01-22",96.201178,54.8517,70.079531,21.74,26.23766,42.360609
"2016-01-25",94.602788,53.74138,68.952565,21.129999,25.859712,41.203804
"2016-01-26",95.575716,54.365935,71.166953,21.23,26.764801,42.997833
"2016-01-27",93.639782,53.652157,70.138842,21.040001,26.436582,42.919404
"2016-01-28",92.855479,53.642246,68.78451,20.290001,25.989009,43.664467
"2016-01-29",95.128965,55.228413,69.634678,23.879999,26.824477,44.742842
"2016-02-01",94.463798,55.327551,71.522838,23.309999,26.824477,45.144783
"2016-02-02",92.44844,54.118096,69.713758,22.389999,25.859712,42.889995
"2016-02-03",94.453868,57.340001,70.643014,22.030001,26.347067,43.791909
"2016-02-04",94.741778,57.706802,71.018666,22.08,25.93928,44.44874
"2016-02-05",93.222813,58.896429,68.369313,21.73,24.934729,42.390022
"2016-02-08",91.455651,58.886517,66.530578,21.200001,24.45732,41.027342
"2016-02-09",91.654206,57.706802,62.487334,20.75,24.009747,32.214063
"2016-02-10",88.20923,55.327551,59.383233,20.790001,24.198722,30.763155
"2016-02-11",89.6587,55.555562,61.60751,20.26,24.546834,31.616054
"2016-02-12",90.492646,56.289163,61.548194,20.82,24.417535,32.165047
"2016-02-16",92.239955,56.983112,62.605965,21.57,25.471816,33.615954
"2016-02-17",94.811273,57.201212,63.950417,22.18,26.327175,35.145286
"2016-02-18",94.483651,56.824496,63.881217,22.219999,26.257553,35.008039
"2016-02-19",94.324809,57.260691,63.930641,21.969999,26.476367,34.586491
"2016-02-22",95.675001,57.647323,64.96864,22.309999,27.202428,36.135434
"2016-02-23",94.692135,57.042595,65.344293,21.51,26.804586,36.282483
"2016-02-24",94.741778,57.895161,66.70852,21.43,27.172589,36.488358
"2016-02-25",94.960192,58.024035,66.293809,21.34,27.232265,36.38052
"2016-02-26",94.62264,57.409396,66.293809,21.540001,26.933884,35.517817
"2016-02-29",94.831125,57.230951,65.83633,21.120001,26.874208,36.125629
"2016-03-01",96.945769,58.708073,66.43304,21.610001,27.649998,36.821675
"2016-03-02",96.300455,58.856774,66.393259,22,27.441132,36.743246
"2016-03-03",98.107329,59.402018,68.44194,22.110001,27.689784,38.252974
"2016-03-04",97.769785,59.223578,68.431992,22.93,27.649998,38.056905
"2016-03-07",98.673218,58.450318,69.18782,23.219999,27.9,39.282334
"2016-03-08",97.114541,57.786112,67.706007,22.459999,27.450001,38.311796
"2016-03-09",96.955699,58.271874,68.272875,23.280001,27.700001,38.509891
"2016-03-10",96.340167,57.865418,68.412106,23.66,27.450001,37.806647
"2016-03-11",97.233678,58.64859,70.033149,24.610001,27.92,38.915988
"2016-03-14",98.097399,58.717985,70.361338,24.58,27.82,39.381512
"2016-03-15",97.53151,58.886517,70.570183,24.52,27.83,38.450461
"2016-03-16",97.730072,59.392107,71.107217,25.5,28.120001,39.876752
"2016-03-17",98.881703,60.224845,71.912765,26.09,28.18,41.08514
"2016-03-18",98.484586,59.243402,71.962494,26.27,28.23,41.06533
"2016-03-21",97.749925,59.322712,71.743701,26.469999,27.969999,40.570089
"2016-03-22",96.876274,59.352451,72.419966,26.26,27.959999,40.391803
"2016-03-23",96.131683,58.737812,70.30167,25.57,27.790001,39.322085
"2016-03-24",96.51887,59.491241,69.625405,25.469999,27.75,39.302275
"2016-03-28",97.38259,59.570551,72.141505,25.549999,27.889999,39.985706
"2016-03-29",97.452093,60.224845,71.813316,26.16,27.83,39.757896
"2016-03-30",98.196684,60.274412,71.763595,25.790001,27.91,39.728182
"2016-03-31",98.593793,60.551994,72.151452,25.719999,27.879999,40.887043
"2016-04-01",98.355526,61.335162,72.58903,24.92,28.59,40.778089
"2016-04-04",97.968339,61.17086,73.155899,25.610001,28.58,39.183419
"2016-04-05",96.300455,60.872127,72.320517,25.690001,28.35,38.381128
"2016-04-06",96.776997,61.937613,73.56365,25.84,28.879999,39.064558
"2016-04-07",95.466517,61.140988,72.509475,25.299999,28.549999,37.905698
"2016-04-08",95.724636,61.340141,73.205627,26.07,28.59,37.628364
"2016-04-11",95.575716,61.180817,72.867491,26.98,28.530001,37.767031
"2016-04-12",96.647929,61.459638,73.364744,27.969999,29.290001,38.222651
"2016-04-13",98.762573,61.688667,74.58799,28.1,29.799999,39.440942
"2016-04-14",97.918697,61.579131,74.637719,27.610001,29.85,38.083984
"2016-04-15",97.878985,61.708583,74.090737,26.66,30.01,37.905698
"2016-04-18",100.748149,62.21643,74.806783,26.48,30.389999,38.499985
"2016-04-19",101.89978,62.017273,74.428866,26.75,30.299999,35.300732
"2016-04-20",102.525234,61.200733,74.369198,27.92,30.09,37.02417
"2016-04-21",102.167837,60.682926,75.025576,26.42,30.33,42.154861
"2016-04-22",103.021628,60.842251,76.228928,26.639999,30.93,43.363245
"2016-04-25",103.815861,60.742674,75.930573,25.700001,31.059999,42.838291
"2016-04-26",104.133553,60.792462,76.59689,25.77,30.959999,42.986865
"2016-04-27",104.52074,61.041408,76.487501,25.610001,30.83,43.373152
"2016-04-28",103.279755,60.892043,76.328377,24.26,30.700001,41.996384
"2016-04-29",102.515311,60.503685,74.727221,24.1,30.26,40.510663
"2016-05-02",103.607377,60.971703,74.906232,24.719999,30.360001,41.58038
"2016-05-03",103.031558,60.692886,73.235461,24.120001,29.959999,41.055427
"2016-05-04",102.92235,60.633137,74.389092,23.85,29.799999,40.778089
"2016-05-05",104.173266,60.792462,75.214527,23.98,29.84,41.035617
"2016-05-06",104.778867,61.1609,74.478594,23.870001,29.51,40.926663
"2016-05-09",104.580305,61.1609,73.752608,23.93,29.41,40.045136
"2016-05-10",105.83122,62.375755,74.389092,24.77,29.76,40.64933
"2016-05-11",101.552305,61.80816,73.732714,24.559999,29.41,40.084756
"2016-05-12",100.976486,61.997357,72.986834,25.84,29.08,39.549895
"2016-05-13",99.795066,61.579131,72.827717,26.120001,28.99,39.153702
"2016-05-16",99.636224,61.738456,72.718321,26.360001,28.93,38.955609
"2016-05-17",99.219255,60.175079,72.419966,25.92,28.690001,39.044748
"2016-05-18",98.286031,60.125291,71.077383,26.780001,28.15,38.490081
"2016-05-19",97.70029,59.995838,71.196719,26.09,27.92,38.044364
"2016-05-20",99.060405,61.499466,72.400079,26.440001,28.139999,38.678271
"2016-05-23",98.464734,61.549258,71.674086,26.27,28.190001,39.569706
"2016-05-24",98.792355,62.176598,72.72826,27.84,28.57,40.906853
"2016-05-25",99.13983,62.335923,72.957,27.9,28.9,41.590287
"2016-05-26",99.090187,62.027233,74.07,28.049999,28.76,42.125144
"2016-05-27",99.566729,62.614744,75.279999,28.02,28.93,43.818869
"2016-05-31",98.504446,63.032971,75.660004,27.860001,28.879999,43.947629
"2016-06-01",97.80949,63.461157,76.410004,27.860001,29.35,44.155632
"2016-06-02",98.008052,63.391453,76.75,28,29.549999,44.660776
"2016-06-03",98.037834,63.291876,75.839996,27.950001,29.379999,44.571632
"2016-06-06",98.067617,63.132551,76.010002,28.799999,29.440001,44.997539
"2016-06-07",97.640718,62.983182,75.190002,28.889999,29.299999,44.294299
"2016-06-08",97.332956,62.95331,75.459999,29.18,29.440001,44.145725
"2016-06-09",97.134393,62.664533,75.010002,28.77,29.32,43.987249
"2016-06-10",96.637999,62.53508,73.629997,28.030001,28.93,41.62
"2016-06-13",96.866344,62.12681,73.129997,27.52,28.91,41.240002
"2016-06-14",97.69036,62.375755,72.760002,27.67,28.870001,41.209999
"2016-06-15",97.561293,62.086978,72.879997,28,28.959999,42.200001
"2016-06-16",97.6705,62.833814,73.419998,27.84,29.129999,45.049999
"2016-06-17",98.286031,62.106894,72.370003,27.92,28.799999,44.419998
"2016-06-20",98.85192,62.196514,72.639999,28.540001,29.190001,44.849998
"2016-06-21",98.107329,62.276178,71.809998,29.08,28.799999,43.529999
"2016-06-22",98.077547,62.375755,72.440002,28.610001,28.92,44.029999
"2016-06-23",98.305884,62.684449,73.050003,29,29.200001,43.470001
"2016-06-24",95.029687,61.389934,70.720001,27.6,26.940001,40.970001
"2016-06-27",93.699347,62.196514,69.209999,27.08,26.370001,38.880001
"2016-06-28",95.357309,62.803941,70.150002,28.120001,26.65,40.029999
"2016-06-29",96.280603,63.67027,71.690002,29.34,27,40.360001
"2016-06-30",97.114541,64.915001,73.540001,29.35,27.049999,41.470001
"2016-07-01",97.323026,65.279999,74.309998,29.389999,27.27,41.529999
"2016-07-05",96.955699,65.010002,73.849998,29.190001,26.65,41.07
"2016-07-06",97.739995,65.099998,74.540001,30.09,26.74,41.380001
"2016-07-07",98.410004,66.260002,76.110001,30.08,26.93,43.040001
"2016-07-08",99.620003,67.110001,77.959999,30.59,27.700001,45.200001
"2016-07-11",99.980003,67.410004,78.379997,31.200001,27.77,44.360001
"2016-07-12",100.199997,67.150002,78.260002,30.59,27.83,45.439999
"2016-07-13",99.879997,66.830002,78.050003,29.549999,27.92,44.799999
"2016-07-14",99.970001,67.019997,78.589996,30.040001,28.120001,44.799999
"2016-07-15",99.800003,66.879997,78.639999,30.040001,28.030001,44.279999
"2016-07-18",100.150002,66.860001,77.910004,30.299999,28.02,44.700001
"2016-07-19",99.470001,67.089996,78.080002,30.27,27.75,44.650002
"2016-07-20",98.220001,67.120003,77.860001,30.52,27,44.75
"2016-07-21",98.010002,67.019997,77.739998,30,27.18,45.299999
"2016-07-22",97.709999,67.459999,78.360001,30.209999,27.110001,45.57
"2016-07-25",97.389999,67.470001,78.5,29.85,26.85,45.34
"2016-07-26",96.690002,67.18,78.269997,30.209999,26.74,45.549999
"2016-07-27",96.330002,67.919998,77.93,30.389999,26.74,45.810001
"2016-07-28",95.910004,67.860001,77.620003,30.68,26.76,45.970001
"2016-07-29",95.949997,67.25,76.650002,33.41,26.639999,45.470001
"2016-08-01",95.540001,67.540001,76.739998,32.5,26.620001,44.349998
"2016-08-02",95.010002,66.900002,75.779999,32.5,26.700001,43.650002
"2016-08-03",96.089996,66.839996,77.830002,32.349998,27.040001,43.990002
"2016-08-04",95.160004,67.18,77.879997,32.599998,25.59,43.560001
"2016-08-05",95.830002,67.389999,79.110001,32.720001,25.639999,43.68
"2016-08-08",95.75,67.07,78.739998,32.299999,25.41,42.52
"2016-08-09",96.669998,66.900002,79.160004,32.849998,25.48,42.290001
"2016-08-10",97.860001,67.220001,79.860001,32.849998,25.58,41.740002
"2016-08-11",97.769997,67.68,80.419998,33.040001,26.16,42.610001
"2016-08-12",96.839996,67.510002,80.550003,32.82,26.02,42.91
"2016-08-15",97.099998,67.519997,80.860001,32.759998,25.85,42.82
"2016-08-16",96.879997,67.309998,81.050003,32.779999,25.459999,42.84
